,Reservoir,Flow Date,Present Storage(TMC),Reservoir Level(TMC),Inflow,Outflow
0,Bhadra,01-JAN-2014,65.78,2153.33,355,205
1,Bhadra,02-JAN-2014,65.75,2153.31,192,343
2,Bhadra,03-JAN-2014,65.58,2153.16,148,1168
3,Bhadra,04-JAN-2014,65.58,2153.16,148,1168
4,Bhadra,05-JAN-2014,65.4,2153.02,272,55
5,Bhadra,06-JAN-2014,65.2,2152.85,281,2435
6,Bhadra,07-JAN-2014,64.95,2152.64,42,2787
0,Bhadra,08-JAN-2014,64.68,2152.41,62,3085
1,Bhadra,09-JAN-2014,64.4,2152.18,62,3085
2,Bhadra,10-JAN-2014,64.13,2151.95,73,3085
3,Bhadra,11-JAN-2014,63.86,2151.72,84,3085
4,Bhadra,12-JAN-2014,63.59,2151.5,95,3232
5,Bhadra,13-JAN-2014,63.32,2151.27,95,3085
6,Bhadra,14-JAN-2014,63.04,2151.04,83,3085
0,Bhadra,15-JAN-2014,62.78,2150.81,217,3085
1,Bhadra,16-JAN-2014,62.51,2150.58,129,3231
2,Bhadra,17-JAN-2014,62.24,2150.35,117,3085
3,Bhadra,18-JAN-2014,61.97,2150.12,116,3085
4,Bhadra,19-JAN-2014,61.7,2149.89,139,3085
5,Bhadra,20-JAN-2014,61.44,2149.66,150,3085
6,Bhadra,21-JAN-2014,61.17,2149.43,150,3085
0,Bhadra,22-JAN-2014,60.91,2149.2,161,3085
1,Bhadra,23-JAN-2014,60.64,2048.97,149,3085
2,Bhadra,24-JAN-2014,60.28,2148.75,184,3085
3,Bhadra,25-JAN-2014,60.11,2148.52,183,3085
4,Bhadra,26-JAN-2014,59.85,2148.29,183,3085
5,Bhadra,27-JAN-2014,59.59,2148.06,183,3085
6,Bhadra,28-JAN-2014,59.33,2147.83,206,3085
0,Bhadra,29-JAN-2014,59.07,2147.6,217,3085
1,Bhadra,30-JAN-2014,58.81,2147.37,216,3085
2,Bhadra,31-JAN-2014,58.55,2147.14,216,3085
3,Bhadra,01-FEB-2014,58.29,2146.91,216,3085
4,Bhadra,02-FEB-2014,58.03,2146.68,266,3085
5,Bhadra,03-FEB-2014,57.78,2146.43,12,3110
6,Bhadra,04-FEB-2014,57.47,2146.18,24,3110
0,Bhadra,05-FEB-2014,57.19,2145.93,196,3280
1,Bhadra,06-FEB-2014,56.91,2145.68,216,3280
2,Bhadra,07-FEB-2014,56.63,2145.44,216,3433
3,Bhadra,08-FEB-2014,56.35,2145.18,215,3280
4,Bhadra,09-FEB-2014,56.08,2144.93,226,3280
5,Bhadra,10-FEB-2014,55.78,2144.66,19,3305
6,Bhadra,11-FEB-2014,55.48,2144.39,32,3330
0,Bhadra,12-FEB-2014,55.18,2144.22,32,3330
1,Bhadra,13-FEB-2014,54.89,2143.85,41,3305
2,Bhadra,14-FEB-2014,54.5,2143.5,30,4336
3,Bhadra,15-FEB-2014,65.58,2153.16,148,1168
4,Bhadra,16-FEB-2014,53.85,2142.89,38,3280
5,Bhadra,17-FEB-2014,53.56,2142.42,72,3280
6,Bhadra,18-FEB-2014,53.27,2142.35,21,3230
0,Bhadra,21-FEB-2014,52.4,2141.54,66,3230
1,Bhadra,22-FEB-2014,52.12,2141.27,54,3230
2,Bhadra,23-FEB-2014,51.83,2141.0,53,3230
3,Bhadra,24-FEB-2014,51.55,2140.72,99,3230
4,Bhadra,25-FEB-2014,51.26,2140.45,99,3230
5,Bhadra,19-FEB-2014,52.98,2142.08,19,3240
6,Bhadra,20-FEB-2014,52.69,2141.81,43,3230
0,Bhadra,26-FEB-2014,50.98,2140.18,98,3230
1,Bhadra,27-FEB-2014,50.7,2139.91,59,3323
2,Bhadra,28-FEB-2014,50.42,2139.64,93,3180
3,Bhadra,01-MAR-2014,50.05,2139.29,28,4122
4,Bhadra,02-MAR-2014,49.31,2138.56,90,8565
5,Bhadra,03-MAR-2014,48.19,2137.45,34,12805
6,Bhadra,04-MAR-2014,47.4,2139.66,22,9177
0,Bhadra,05-MAR-2014,46.56,2135.81,36,9651
1,Bhadra,06-MAR-2014,45.8,2135.04,46,8762
2,Bhadra,07-MAR-2014,45.16,2134.37,51,7343
3,Bhadra,08-MAR-2014,44.64,2133.83,72,5930
4,Bhadra,09-MAR-2014,44.19,2133.35,50,5180
5,Bhadra,10-MAR-2014,43.71,2132.85,14,5330
6,Bhadra,11-MAR-2014,43.38,2132.5,50,3747
0,Bhadra,12-MAR-2014,43.11,2132.2,70,3085
1,Bhadra,13-MAR-2014,42.84,2131.91,81,3085
2,Bhadra,14-MAR-2014,42.57,2131.62,115,3085
3,Bhadra,15-MAR-2014,42.3,2131.33,115,3085
4,Bhadra,16-MAR-2014,42.03,2131.04,102,3085
5,Bhadra,17-MAR-2014,41.74,2130.72,15,3302
6,Bhadra,18-MAR-2014,41.46,2130.41,14,3085
0,Bhadra,19-MAR-2014,41.18,2130.1,13,3160
1,Bhadra,20-MAR-2014,40.88,2129.77,28,3360
2,Bhadra,21-MAR-2014,40.58,2129.43,38,3499
3,Bhadra,22-MAR-2014,40.28,2129.1,38,3360
4,Bhadra,23-MAR-2014,39.98,2128.75,83,3360
5,Bhadra,24-MAR-2014,39.69,2128.43,19,3285
6,Bhadra,25-MAR-2014,39.4,2128.1,19,3285
0,Bhadra,26-MAR-2014,39.09,2127.77,39,3480
1,Bhadra,27-MAR-2014,38.78,2127.29,62,3480
2,Bhadra,28-MAR-2014,38.47,2127.04,49,3480
3,Bhadra,29-MAR-2014,38.08,2126.58,76,4480
4,Bhadra,30-MAR-2014,37.6,2126.02,57,5480
5,Bhadra,31-MAR-2014,37.23,2125.58,27,4155
6,Bhadra,01-APR-2014,36.9,2125.18,56,3780
0,Bhadra,02-APR-2014,36.55,2124.77,15,3855
1,Bhadra,03-APR-2014,36.17,2124.31,80,4280
2,Bhadra,04-APR-2014,35.79,2123.85,101,4280
3,Bhadra,05-APR-2014,35.44,2123.41,43,3980
4,Bhadra,06-APR-2014,35.1,2123.0,27,3780
5,Bhadra,07-APR-2014,34.8,2122.62,78,3380
6,Bhadra,08-APR-2014,34.5,2122.25,77,3380
0,Bhadra,09-APR-2014,34.2,2121.87,86,3380
1,Bhadra,10-APR-2014,33.9,2121.5,119,3380
2,Bhadra,11-APR-2014,33.6,2121.12,117,3380
3,Bhadra,12-APR-2014,33.31,2120.75,151,3380
4,Bhadra,13-APR-2014,33.02,2120.38,162,3553
5,Bhadra,14-APR-2014,32.72,2120.0,161,3280
6,Bhadra,15-APR-2014,32.42,2119.6,21,3380
0,Bhadra,16-APR-2014,32.11,2119.2,20,3380
1,Bhadra,17-APR-2014,31.81,2118.81,54,3380
2,Bhadra,18-APR-2014,31.51,2118.41,86,3380
3,Bhadra,19-APR-2014,31.21,2118.02,75,3380
4,Bhadra,20-APR-2014,30.91,2117.62,120,3380
5,Bhadra,21-APR-2014,30.62,2117.2,131,3380
6,Bhadra,22-APR-2014,30.33,2116.83,153,3380
0,Bhadra,23-APR-2014,30.02,2116.41,15,3405
1,Bhadra,24-APR-2014,29.71,2116.0,25,3405
2,Bhadra,25-APR-2014,29.41,2115.58,46,3380
3,Bhadra,26-APR-2014,29.11,2115.16,56,3380
4,Bhadra,27-APR-2014,28.81,2114.75,90,3380
5,Bhadra,28-APR-2014,28.52,2114.33,100,3380
6,Bhadra,29-APR-2014,28.22,2113.91,111,3380
0,Bhadra,30-APR-2014,27.93,2113.5,144,3380
1,Bhadra,01-MAY-2014,27.63,2113.08,155,3380
2,Bhadra,02-MAY-2014,27.35,2112.66,155,3380
3,Bhadra,03-MAY-2014,27.05,2112.22,22,3380
4,Bhadra,04-MAY-2014,26.75,2111.79,44,3505
5,Bhadra,05-MAY-2014,26.45,2111.35,67,3380
6,Bhadra,06-MAY-2014,26.15,2110.91,89,3380
0,Bhadra,07-MAY-2014,25.86,2110.47,323.0,3380
1,Bhadra,08-MAY-2014,25.86,2110.04,133.0,3380
2,Bhadra,09-MAY-2014,25.77,2110.33,5747.0,3380
3,Bhadra,10-MAY-2014,25.99,2110.66,60.971,3380
4,Bhadra,11-MAY-2014,26.21,2111.0,6072.0,3380
5,Bhadra,12-MAY-2014,26.13,2110.87,1392.0,2230
6,Bhadra,13-MAY-2014,25.95,2110.6,858.0,2830
0,Bhadra,14-MAY-2014,25.67,2110.18,296,3380
1,Bhadra,15-MAY-2014,25.39,2109.77,318,3380
2,Bhadra,16-MAY-2014,25.12,2109.35,340,3380
3,Bhadra,17-MAY-2014,24.83,2108.91,191,3380
4,Bhadra,18-MAY-2014,24.55,2108.47,246,3380
5,Bhadra,19-MAY-2014,24.27,2108.04,245,3380
6,Bhadra,20-MAY-2014,23.94,2107.6,279,3380
0,Bhadra,21-MAY-2014,23.72,2107.16,312,3380
1,Bhadra,22-MAY-2014,23.43,2106.7,184,3380
2,Bhadra,23-MAY-2014,23.28,2106.45,75,1755
3,Bhadra,24-MAY-2014,23.07,2106.12,72,2355
4,Bhadra,25-MAY-2014,22.85,2105.75,136,2535
5,Bhadra,26-MAY-2014,22.64,2105.41,158,2535
6,Bhadra,27-MAY-2014,22.42,2105.06,146,2535
0,Bhadra,28-MAY-2014,22.19,2104.66,102,2735
1,Bhadra,29-MAY-2014,22.07,2104.47,68,1255
2,Bhadra,30-MAY-2014,21.96,2104.29,67,1255
3,Bhadra,31-MAY-2014,21.88,2104.1,56,955
0,Bhadra,01-JUN-2014,21.83,2104.06,46,517
1,Bhadra,02-JUN-2014,21.84,2104.08,261,55
2,Bhadra,03-JUN-2014,21.85,2104.1,250,55
3,Bhadra,04-JUN-2014,21.86,2104.12,261,55
4,Bhadra,05-JUN-2014,21.88,2104.14,250,55
5,Bhadra,06-JUN-2014,21.89,2104.16,261,55
6,Bhadra,07-JUN-2014,21.9,2104.18,250,55
7,Bhadra,08-JUN-2014,21.91,2104.2,250,55
8,Bhadra,09-JUN-2014,21.93,2104.22,261,55
9,Bhadra,10-JUN-2014,21.94,2104.25,250,55
0,Bhadra,11-JUN-2014,21.94,2104.25,111,55
1,Bhadra,12-JUN-2014,21.94,2104.25,111,55
2,Bhadra,13-JUN-2014,21.95,2104.27,261,55
3,Bhadra,14-JUN-2014,21.98,2104.31,400,55
4,Bhadra,15-JUN-2014,21.99,2104.35,389,55
5,Bhadra,16-JUN-2014,21.99,2104.35,0,0
6,Bhadra,17-JUN-2014,22.11,2104.54,1257,55
0,Bhadra,18-JUN-2014,22.29,2104.83,2137,55
1,Bhadra,19-JUN-2014,22.49,2105.16,2438,55
2,Bhadra,20-JUN-2014,23.05,2106.08,6582,55
3,Bhadra,21-JUN-2014,23.72,2107.16,7903,55
4,Bhadra,22-JUN-2014,24.25,2108.0,6203,115
5,Bhadra,23-JUN-2014,24.94,2109.08,8195,55
6,Bhadra,24-JUN-2014,25.43,2109.83,5800,55
0,Bhadra,25-JUN-2014,25.71,2110.25,3312,55
1,Bhadra,26-JUN-2014,25.88,2110.5,2039,55
2,Bhadra,27-JUN-2014,26.02,2110.7,1727,55
3,Bhadra,28-JUN-2014,26.1,2110.9,1079,55
4,Bhadra,29-JUN-2014,26.15,2110.91,766,55
5,Bhadra,30-JUN-2014,26.21,2111.0,755,55
6,Bhadra,01-JUL-2014,26.24,2111.04,443,55
0,Bhadra,02-JUL-2014,26.29,2111.12,776,55
1,Bhadra,03-JUL-2014,26.38,2111.25,1100,55
2,Bhadra,04-JUL-2014,26.49,2111.41,1425,55
3,Bhadra,05-JUL-2014,26.55,2111.5,765,55
4,Bhadra,06-JUL-2014,26.59,2111.56,603,117
5,Bhadra,07-JUL-2014,26.63,2111.62,615,55
6,Bhadra,08-JUL-2014,26.66,2111.66,441,55
0,Bhadra,09-JUL-2014,26.69,2111.7,441,55
1,Bhadra,10-JUL-2014,26.77,2111.83,1101,55
2,Bhadra,11-JUL-2014,26.94,2112.08,2085,55
3,Bhadra,12-JUL-2014,27.17,2112.41,2780,55
4,Bhadra,13-JUL-2014,27.6,2113.0,4771,55
5,Bhadra,14-JUL-2014,29.71,2116.0,24854,55
6,Bhadra,15-JUL-2014,31.19,2118.0,17264,55
0,Bhadra,16-JUL-2014,32.72,2120.0,17810,55
1,Bhadra,17-JUL-2014,34.3,2122.0,18333,55
2,Bhadra,18-JUL-2014,35.51,2123.5,14134,55
3,Bhadra,19-JUL-2014,36.53,2124.75,12029,55
4,Bhadra,20-JUL-2014,39.01,2127.66,28849,55
5,Bhadra,21-JUL-2014,41.76,2130.75,31955,55
6,Bhadra,22-JUL-2014,44.0,2133.16,26113,55
0,Bhadra,23-JUL-2014,46.01,2135.25,23281,55
1,Bhadra,24-JUL-2014,48.57,2137.83,29800,55
2,Bhadra,25-JUL-2014,50.53,2139.75,22823,55
3,Bhadra,26-JUL-2014,52.1,2141.25,18300,55
4,Bhadra,27-JUL-2014,53.43,2142.5,15547,55
5,Bhadra,28-JUL-2014,54.77,2143.75,16259,522
6,Bhadra,29-JUL-2014,55.78,2144.6,13977,2255
0,Bhadra,30-JUL-2014,56.61,2145.41,11952,2255
1,Bhadra,31-JUL-2014,58.01,2146.66,18153,1880
2,Bhadra,01-AUG-2014,60.95,2149.25,35670,455
3,Bhadra,02-AUG-2014,65.28,2152.91,51662,1530
4,Bhadra,03-AUG-2014,67.3,2154.71,25772,2393
5,Bhadra,04-AUG-2014,68.83,2155.83,20535,2655
6,Bhadra,05-AUG-2014,70.1,2156.85,28445,13654
0,Bhadra,06-AUG-2014,69.14,2156.08,37377,48361
1,Bhadra,07-AUG-2014,68.78,2155.79,41927,45990
2,Bhadra,08-AUG-2014,69.09,2156.04,29667,25976
3,Bhadra,09-AUG-2014,69.46,2156.33,18565,14248
4,Bhadra,10-AUG-2014,70.07,2156.83,11543,4228
5,Bhadra,11-AUG-2014,70.36,2157.06,12537,9122
6,Bhadra,12-AUG-2014,70.36,2157.06,10456,10340
0,Bhadra,13-AUG-2014,70.46,2157.14,12302,10971
1,Bhadra,14-AUG-2014,70.49,2157.16,8556,8139
2,Bhadra,15-AUG-2014,70.62,2157.27,6608,4926
3,Bhadra,16-AUG-2014,70.78,2157.39,6571,4637
4,Bhadra,17-AUG-2014,70.8,2157.41,5054,4637
5,Bhadra,18-AUG-2014,70.83,2157.43,4921,4504
6,Bhadra,19-AUG-2014,70.99,2157.56,5368,3434
0,Bhadra,20-AUG-2014,71.53,2158.0,9568,3085
1,Bhadra,21-AUG-2014,71.54,2158.0,3202,3085
2,Bhadra,22-AUG-2014,71.48,2157.95,2600,3085
3,Bhadra,23-AUG-2014,71.51,2157.97,2954,2653
4,Bhadra,24-AUG-2014,71.48,2157.95,6063,6247
5,Bhadra,25-AUG-2014,71.48,2157.95,7122,7010
6,Bhadra,26-AUG-2014,71.51,2157.97,4509,4091
0,Bhadra,27-AUG-2014,71.53,2158,4599,4181
1,Bhadra,28-AUG-2014,71.54,2158,4298,4181
2,Bhadra,29-AUG-2014,71.53,2158,6072,5955
3,Bhadra,30-AUG-2014,71.53,2158,9199,9082
4,Bhadra,31-AUG-2014,71.53,2158,10429,10312
5,Bhadra,01-SEP-2014,71.53,2158,10839,10651
6,Bhadra,02-SEP-2014,71.54,2158,16645,16524
0,Bhadra,03-SEP-2014,71.51,2157.97,9324,9504
1,Bhadra,04-SEP-2014,71.51,2157.97,8411,8411
2,Bhadra,05-SEP-2014,71.54,2158.0,8829,8407
3,Bhadra,06-SEP-2014,71.54,2158.0,8611,8490
4,Bhadra,07-SEP-2014,71.53,2158.0,8949,8828
5,Bhadra,08-SEP-2014,71.54,2158.0,7691,7691
6,Bhadra,09-SEP-2014,71.53,2158.0,4952,4831
0,Bhadra,10-SEP-2014,71.53,2158,4764,4643
1,Bhadra,11-SEP-2014,71.53,2158,4702,4580
2,Bhadra,12-SEP-2014,71.53,2158,4902,4781
3,Bhadra,13-SEP-2014,71.53,2158,4221,4221
4,Bhadra,14-SEP-2014,71.53,2158,3735,3735
5,Bhadra,15-SEP-2014,71.53,2158,3775,3614
6,Bhadra,16-SEP-2014,71.54,2158,3735,3614
0,Bhadra,17-SEP-2014,71.53,2158,3248,3127
1,Bhadra,18-SEP-2014,71.53,2158,3156,3035
2,Bhadra,19-SEP-2014,71.54,2158,3156,3156
3,Bhadra,20-SEP-2014,71.54,2158,3156,3156
4,Bhadra,21-SEP-2014,71.54,2158,3156,3035
5,Bhadra,22-SEP-2014,71.53,2158,3156,3156
6,Bhadra,23-SEP-2014,71.54,2158,3156,3156
0,Bhadra,24-SEP-2014,71.53,2158,3156,3156
1,Bhadra,25-SEP-2014,71.53,2158,3156,3156
2,Bhadra,26-SEP-2014,71.53,2158,3156,3156
3,Bhadra,27-SEP-2014,71.53,2158,3156,3156
4,Bhadra,28-SEP-2014,71.54,2158,2856,2735
5,Bhadra,29-SEP-2014,71.54,2158,2856,2735
6,Bhadra,30-SEP-2014,71.54,2158,3513,3392
0,Bhadra,01-OCT-2014,71.53,2158,5320,5199
1,Bhadra,02-OCT-2014,71.53,2158,6204,6047
2,Bhadra,03-OCT-2014,71.54,2158,6204,6047
3,Bhadra,04-OCT-2014,71.54,2158,5029,4872
4,Bhadra,05-OCT-2014,71.54,2158,3252,3252
5,Bhadra,06-OCT-2014,71.54,2158,3129,2972
6,Bhadra,07-OCT-2014,71.54,2158,3192,3035
0,Bhadra,08-OCT-2014,71.54,2158,2967,2710
1,Bhadra,09-OCT-2014,71.54,2158,2892,2735
2,Bhadra,10-OCT-2014,71.54,2158,3067,2910
3,Bhadra,11-OCT-2014,71.54,2158,3242,3085
4,Bhadra,12-OCT-2014,71.54,2158,3826,3669
5,Bhadra,13-OCT-2014,71.54,2158,6638,4481
6,Bhadra,14-OCT-2014,71.53,2158,3996,3839
0,Bhadra,15-OCT-2014,71.54,2158.0,3938,3781
1,Bhadra,16-OCT-2014,71.54,2158.0,3429,3272
2,Bhadra,17-OCT-2014,71.54,2158.0,3192,3035
3,Bhadra,18-OCT-2014,71.54,2158.0,3192,3192
4,Bhadra,19-OCT-2014,71.24,2157.83,772,3035
5,Bhadra,20-OCT-2014,71.12,2157.66,760,3035
6,Bhadra,21-OCT-2014,70.91,2157.5,772,3035
0,Bhadra,22-OCT-2014,70.7,2157.33,772,3191
1,Bhadra,23-OCT-2014,70.46,2157.14,459,3035
2,Bhadra,24-OCT-2014,70.23,2156.95,470,3035
3,Bhadra,25-OCT-2014,70.02,2156.79,794,3035
4,Bhadra,26-OCT-2014,70.02,2156.62,782,3035
5,Bhadra,27-OCT-2014,69.66,2156.5,1195,2835
6,Bhadra,28-OCT-2014,69.66,2156.5,1839,1839
0,Bhadra,29-OCT-2014,69.68,2156.52,1890,1589
1,Bhadra,30-OCT-2014,69.71,2156.54,2203,1748
2,Bhadra,31-OCT-2014,69.61,2156.45,1303,2352
3,Bhadra,01-NOV-2014,69.45,2156.33,908,2568
4,Bhadra,02-NOV-2014,69.29,2156.21,1089,2735
5,Bhadra,03-NOV-2014,69.11,2156.06,799,2735
6,Bhadra,04-NOV-2014,68.93,2155.91,1105,3200
0,Bhadra,05-NOV-2014,68.73,2155.75,871,3085
1,Bhadra,06-NOV-2014,68.52,2155.58,870,3085
2,Bhadra,07-NOV-2014,68.32,2155.41,859,3085
3,Bhadra,08-NOV-2014,68.09,2155.22,569,3085
4,Bhadra,09-NOV-2014,67.85,2155.04,569,3085
5,Bhadra,10-NOV-2014,67.6,2154.83,302,3085
6,Bhadra,11-NOV-2014,67.35,2155.62,290,3242
0,Bhadra,12-NOV-2014,67.12,2154.43,602,3085
1,Bhadra,13-NOV-2014,66.89,2154.25,591,3085
2,Bhadra,14-NOV-2014,66.69,2154.08,891,3085
3,Bhadra,15-NOV-2014,66.53,2153.95,1381,3141
4,Bhadra,16-NOV-2014,66.43,2153.87,966,2316
5,Bhadra,17-NOV-2014,66.36,2153.81,1131,1855
6,Bhadra,18-NOV-2014,66.26,2153.72,1270,4699
0,Bhadra,19-NOV-2014,66.03,2153.54,351,2823
1,Bhadra,20-NOV-2014,65.83,2153.37,913,3240
2,Bhadra,21-NOV-2014,65.63,2153.2,913,3240
3,Bhadra,22-NOV-2014,65.63,2153.12,742,757
4,Bhadra,23-NOV-2014,65.53,2153.12,309,155
5,Bhadra,24-NOV-2014,65.53,2153.12,309,155
6,Bhadra,25-NOV-2014,65.53,2153.12,309,155
0,Bhadra,26-NOV-2014,65.53,2153.12,309,155
1,Bhadra,27-NOV-2014,65.53,2153.12,309,155
2,Bhadra,28-NOV-2014,65.53,2153.12,309,155
3,Bhadra,29-NOV-2014,65.53,2153.12,309,155
4,Bhadra,30-NOV-2014,65.53,2153.12,309,155
5,Bhadra,01-DEC-2014,65.53,2153.12,309,155
6,Bhadra,02-DEC-2014,65.53,2153.12,304,155
0,Bhadra,03-DEC-2014,65.53,2153.12,304,155
1,Bhadra,04-DEC-2014,65.53,2153.12,304,155
2,Bhadra,05-DEC-2014,65.63,2153.12,304,155
3,Bhadra,06-DEC-2014,65.63,2153.12,304,155
4,Bhadra,07-DEC-2014,65.63,2153.12,304,155
5,Bhadra,08-DEC-2014,65.63,2153.12,304,155
6,Bhadra,09-DEC-2014,65.63,2153.12,304,155
0,Bhadra,10-DEC-2014,65.63,2153.12,304,155
1,Bhadra,11-DEC-2014,65.53,2153.12,304,155
2,Bhadra,12-DEC-2014,65.55,2153.14,594,155
3,Bhadra,13-DEC-2014,65.58,2153.16,594,255
4,Bhadra,14-DEC-2014,65.58,2153.16,304,155
5,Bhadra,15-DEC-2014,65.58,2153.16,304,155
6,Bhadra,16-DEC-2014,65.58,2153.16,304,155
0,Bhadra,17-DEC-2014,65.75,2153.31,205,55
1,Bhadra,18-DEC-2014,65.75,2153.31,205,55
2,Bhadra,19-DEC-2014,65.75,2153.31,205,55
3,Bhadra,20-DEC-2014,65.75,2153.31,205,55
4,Bhadra,21-DEC-2014,65.75,2153.31,304,155
5,Bhadra,22-DEC-2014,65.75,2153.31,304,155
6,Bhadra,23-DEC-2014,65.75,2153.31,304,155
0,Bhadra,24-DEC-2014,65.75,2153.31,304,155
1,Bhadra,25-DEC-2014,65.75,2153.31,304,155
2,Bhadra,26-DEC-2014,65.75,2153.31,304,155
3,Bhadra,27-DEC-2014,65.75,2153.31,304,155
4,Bhadra,28-DEC-2014,65.75,2153.31,304,155
5,Bhadra,29-DEC-2014,65.75,2153.31,304,155
6,Bhadra,30-DEC-2014,65.75,2153.31,304,155
7,Bhadra,31-DEC-2014,65.75,2153.31,304,155
0,Bhadra,01-JAN-2015,65.75,2153.31,304,155
1,Bhadra,02-JAN-2015,65.75,2153.31,304,155
2,Bhadra,03-JAN-2015,65.75,2153.31,304,155
3,Bhadra,04-JAN-2015,65.55,2153.14,415,555
4,Bhadra,05-JAN-2015,65.48,2153.08,526,1245
5,Bhadra,06-JAN-2015,65.33,2152.95,461,2060
6,Bhadra,07-JAN-2015,65.18,2152.83,359,1935
0,Bhadra,08-JAN-2015,64.95,2152.62,299,2685
1,Bhadra,09-JAN-2015,64.7,2152.43,276,3158
2,Bhadra,10-JAN-2015,64.45,2152.22,351,3085
3,Bhadra,11-JAN-2015,64.2,2152.02,351,3085
4,Bhadra,12-JAN-2015,63.96,2151.87,374,3085
5,Bhadra,13-JAN-2015,63.69,2151.58,96,3232
6,Bhadra,14-JAN-2015,63.41,2151.35,84,3085
0,Bhadra,15-JAN-2015,63.14,2151.12,95,3085
1,Bhadra,16-JAN-2015,62.87,2150.89,106,3085
2,Bhadra,17-JAN-2015,62.6,2150.66,117,3085
3,Bhadra,18-JAN-2015,62.34,2150.43,128,3085
4,Bhadra,19-JAN-2015,62.07,2150.2,117,3085
5,Bhadra,20-JAN-2015,61.8,2149.97,128,3085
6,Bhadra,21-JAN-2015,61.53,2149.75,151,3085
0,Bhadra,22-JAN-2015,61.26,2149.52,150,3085
1,Bhadra,23-JAN-2015,61.0,2149.29,150,3229
2,Bhadra,24-JAN-2015,60.74,2149.06,150,3085
3,Bhadra,25-JAN-2015,60.47,2148.83,184,3085
4,Bhadra,26-JAN-2015,60.21,2148.6,184,3085
5,Bhadra,27-JAN-2015,59.95,2148.37,172,3085
6,Bhadra,28-JAN-2015,59.68,2148.14,183,3085
0,Bhadra,29-JAN-2015,59.42,2147.91,194,3085
1,Bhadra,30-JAN-2015,59.16,2147.68,217,3085
2,Bhadra,31-JAN-2015,58.85,2147.41,134,3280
3,Bhadra,01-FEB-2015,58.57,2147.16,133,3421
4,Bhadra,02-FEB-2015,58.29,2146.91,160,3280
5,Bhadra,03-FEB-2015,58.01,2146.66,194,3280
6,Bhadra,04-FEB-2015,57.73,2146.41,182,3280
0,Bhadra,05-FEB-2015,57.44,2146.16,182,3280
1,Bhadra,06-FEB-2015,57.16,2145.91,193,3280
2,Bhadra,07-FEB-2015,56.89,2145.66,228,3280
3,Bhadra,08-FEB-2015,56.61,2145.41,216,3280
4,Bhadra,09-FEB-2015,56.33,2145.16,215,3280
5,Bhadra,10-FEB-2015,56.05,2144.91,226,3280
6,Bhadra,11-FEB-2015,55.76,2144.64,144,3430
0,Bhadra,12-FEB-2015,55.46,2144.37,132,3430
1,Bhadra,13-FEB-2015,55.65,1951.37,193,3430
2,Bhadra,14-FEB-2015,54.87,2143.83,166,3581
3,Bhadra,15-FEB-2015,54.57,2143.56,177,3430
4,Bhadra,16-FEB-2015,54.28,2143.29,177,3430
5,Bhadra,17-FEB-2015,53.98,2143.02,176,3579
6,Bhadra,18-FEB-2015,53.98,2143.02,176,3579
0,Bhadra,19-FEB-2015,53.4,2142.47,221,3430
1,Bhadra,20-FEB-2015,53.14,2142.22,131,3085
2,Bhadra,21-FEB-2015,52.87,2141.97,130,3085
3,Bhadra,22-FEB-2015,52.6,2141.73,164,3085
4,Bhadra,23-FEB-2015,52.34,2141.47,164,3085
5,Bhadra,24-FEB-2015,52.07,2141.22,175,3085
6,Bhadra,25-FEB-2015,51.79,2140.95,103,3280
0,Bhadra,26-FEB-2015,51.5,2140.68,149,3280
1,Bhadra,27-FEB-2015,51.22,2140.41,149,3280
2,Bhadra,28-FEB-2015,50.96,2140.14,148,3280
3,Bhadra,01-MAR-2015,50.96,2140.14,148,3280
4,Bhadra,02-MAR-2015,50.66,2139.87,171,3280
5,Bhadra,03-MAR-2015,50.1,2139.33,199,3280
6,Bhadra,04-MAR-2015,49.82,2139.06,210,3280
0,Bhadra,05-MAR-2015,49.54,2138.79,233,3280
1,Bhadra,06-MAR-2015,49.27,2138.52,244,3280
2,Bhadra,07-MAR-2015,48.99,2138.25,243,3280
3,Bhadra,08-MAR-2015,48.69,2137.95,61,3330
4,Bhadra,09-MAR-2015,48.4,2137.66,95,3330
5,Bhadra,10-MAR-2015,48.11,2137.37,95,3330
6,Bhadra,11-MAR-2015,47.81,2137.08,94,3330
0,Bhadra,12-MAR-2015,47.52,2136.79,128,3330
1,Bhadra,13-MAR-2015,47.23,2136.5,128,3484
2,Bhadra,14-MAR-2015,46.95,2136.2,138,3330
3,Bhadra,15-MAR-2015,46.66,2135.91,161,3330
4,Bhadra,16-MAR-2015,46.37,2135.62,134,3280
5,Bhadra,17-MAR-2015,46.09,2135.33,133,3280
6,Bhadra,18-MAR-2015,45.8,2135.04,132,3280
0,Bhadra,19-MAR-2015,45.8,2135.04,132,3280
1,Bhadra,20-MAR-2015,45.24,2134.45,177,3430
2,Bhadra,21-MAR-2015,45.24,2134.45,127,3280
3,Bhadra,22-MAR-2015,44.68,2131.87,138,3230
4,Bhadra,23-MAR-2015,44.4,2133.58,122,3180
5,Bhadra,24-MAR-2015,44.13,2133.29,121,3180
6,Bhadra,25-MAR-2015,43.85,2133.0,121,3180
0,Bhadra,26-MAR-2015,43.57,2132.7,166,3180
1,Bhadra,27-MAR-2015,43.29,2132.39,96,3330
2,Bhadra,28-MAR-2015,42.99,2132.08,83,3330
3,Bhadra,29-MAR-2015,42.7,2131.77,117,3330
4,Bhadra,30-MAR-2015,42.41,2131.45,140,3330
5,Bhadra,31-MAR-2015,42.13,2131.14,139,3330
6,Bhadra,01-APR-2015,41.84,2130.83,112,3280
0,Bhadra,02-APR-2015,41.55,2130.52,136,3230
1,Bhadra,03-APR-2015,41.27,2130.2,147,3230
2,Bhadra,04-APR-2015,40.99,2129.89,169,3230
3,Bhadra,05-APR-2015,40.71,2129.58,191,3230
4,Bhadra,06-APR-2015,40.41,2129.25,70,3330
5,Bhadra,07-APR-2015,41.12,2128.91,93,3330
6,Bhadra,08-APR-2015,39.82,2128.58,126,3529
0,Bhadra,09-APR-2015,39.52,2128.25,125,3230
1,Bhadra,10-APR-2015,39.23,2127.91,136,3330
2,Bhadra,11-APR-2015,38.94,2127.58,169,3330
3,Bhadra,12-APR-2015,38.65,2127.25,130,3280
4,Bhadra,13-APR-2015,38.36,2126.91,141,3280
5,Bhadra,14-APR-2015,38.08,2126.58,174,3280
6,Bhadra,15-APR-2015,37.79,2126.25,173,3280
0,Bhadra,16-APR-2015,37.51,2125.91,145,3230
1,Bhadra,17-APR-2015,37.23,2125.58,179,3230
2,Bhadra,18-APR-2015,36.93,2125.22,70,3330
3,Bhadra,19-APR-2015,36.64,2124.87,92,3330
4,Bhadra,20-APR-2015,36.34,2124.52,125,3330
5,Bhadra,21-APR-2015,36.05,2124.16,124,3330
6,Bhadra,22-APR-2015,35.76,2123.81,146,3330
0,Bhadra,23-APR-2015,35.47,2123.45,130,3464
1,Bhadra,24-APR-2015,35.18,2123.1,118,3280
2,Bhadra,25-APR-2015,34.9,2122.75,152,3280
3,Bhadra,26-APR-2015,34.61,2122.39,174,3280
4,Bhadra,27-APR-2015,34.33,2122.04,161,3280
5,Bhadra,28-APR-2015,34.05,2121.58,167,3230
6,Bhadra,29-APR-2015,33.77,2121.33,153,3230
0,Bhadra,04-MAY-2015,31.97,2119.02,100,4230
1,Bhadra,05-MAY-2015,31.65,2118.11,106,3630
2,Bhadra,06-MAY-2015,31.34,2118.18,111,3630
3,Bhadra,30-APR-2015,33.49,2120.97,164,3230
4,Bhadra,01-MAY-2015,33.15,2120.54,195,3980
5,Bhadra,02-MAY-2015,32.74,2120.02,162,4730
6,Bhadra,03-MAY-2015,32.34,2119.5,231,4730
0,Bhadra,07-MAY-2015,31.02,2117.77,145,3630
1,Bhadra,08-MAY-2015,30.71,2117.35,167,3630
2,Bhadra,09-MAY-2015,30.4,2116.93,178,3630
3,Bhadra,10-MAY-2015,30.1,2116.52,174,3580
4,Bhadra,11-MAY-2015,29.79,2116.1,173,3580
5,Bhadra,12-MAY-2015,29.49,2115.68,207,3580
6,Bhadra,13-MAY-2015,29.19,2115.27,217,3580
0,Bhadra,14-MAY-2015,28.87,2114.83,127,3630
1,Bhadra,15-MAY-2015,28.56,2114.39,250,3630
2,Bhadra,16-MAY-2015,28.25,2113.95,160,3630
3,Bhadra,17-MAY-2015,27.94,2113.52,156,3580
4,Bhadra,18-MAY-2015,27.63,2113.08,155,3580
5,Bhadra,19-MAY-2015,27.33,2112.6,212,3580
6,Bhadra,20-MAY-2015,27.03,2112.2,172,3530
0,Bhadra,21-MAY-2015,26.73,2111.77,194,3655
1,Bhadra,22-MAY-2015,26.44,2111.33,167,3480
2,Bhadra,23-MAY-2015,26.14,2110.89,189,3480
3,Bhadra,24-MAY-2015,25.83,2110.43,111,3530
4,Bhadra,25-MAY-2015,25.53,2109.97,121,3530
5,Bhadra,26-MAY-2015,25.34,2109.68,213,2303
6,Bhadra,27-MAY-2015,25.31,2109.64,158,350
0,Bhadra,28-MAY-2015,25.28,2109.6,158,350
1,Bhadra,29-MAY-2015,25.26,2109.56,146,350
2,Bhadra,30-MAY-2015,25.23,2109.52,157,350
3,Bhadra,31-MAY-2015,25.2,2109.47,157,350
0,Bhadra,01-JUN-2015,25.18,2109.43,157,350
1,Bhadra,02-JUN-2015,25.18,2109.43,117,55
2,Bhadra,03-JUN-2015,25.18,2109.43,117,55
3,Bhadra,04-JUN-2015,25.17,2109.4,55,155
4,Bhadra,05-JUN-2015,25.19,2109.45,529,155
5,Bhadra,06-JUN-2015,25.19,2109.45,217,155
6,Bhadra,07-JUN-2015,25.19,2109.45,217,155
7,Bhadra,08-JUN-2015,25.69,2109.45,217,155
8,Bhadra,09-JUN-2015,25.19,2109.45,217,155
9,Bhadra,10-JUN-2015,25.18,2109.43,66,155
0,Bhadra,11-JUN-2015,25.16,2109.41,55,155
1,Bhadra,12-JUN-2015,25.15,2109.39,55,155
2,Bhadra,13-JUN-2015,25.13,2109.37,66,155
3,Bhadra,14-JUN-2015,25.13,2109.37,66,155
4,Bhadra,15-JUN-2015,25.12,2109.35,217,155
5,Bhadra,16-JUN-2015,25.12,2109.35,217,155
6,Bhadra,17-JUN-2015,25.12,2101.35,217,155
0,Bhadra,18-JUN-2015,25.12,2109.35,217,155
1,Bhadra,19-JUN-2015,25.15,2109.39,909,535
2,Bhadra,20-JUN-2015,25.37,2109.72,3132,535
3,Bhadra,21-JUN-2015,26.21,2111.0,10355,598
4,Bhadra,22-JUN-2015,27.46,2112.83,15090,535
5,Bhadra,23-JUN-2015,28.69,2114.52,14861,535
6,Bhadra,24-JUN-2015,29.9,2116.25,14538,535
0,Bhadra,25-JUN-2015,31.19,2118.0,15616,535
1,Bhadra,26-JUN-2015,32.94,2120.0,18525,535
2,Bhadra,27-JUN-2015,34.3,2122.0,18815,535
3,Bhadra,28-JUN-2015,35.1,2123.0,9906,535
4,Bhadra,29-JUN-2015,25.64,2123.66,6898,535
5,Bhadra,30-JUN-2015,36.05,2124.16,5359,535
6,Bhadra,01-JUL-2015,36.33,2124.5,3797,535
0,Bhadra,02-JUL-2015,36.46,2124.66,2209,535
1,Bhadra,03-JUL-2015,36.6,2124.83,2209,535
2,Bhadra,04-JUL-2015,36.74,2125.0,2209,535
3,Bhadra,05-JUL-2015,36.88,2125.16,2233,535
4,Bhadra,06-JUL-2015,37.06,2125.37,2638,535
5,Bhadra,07-JUL-2015,37.16,2125.5,1828,535
6,Bhadra,08-JUL-2015,37.23,2125.58,1435,535
0,Bhadra,09-JUL-2015,37.44,2125.83,3044,535
1,Bhadra,10-JUL-2015,37.79,2126.25,4699,535
2,Bhadra,11-JUL-2015,38.22,2126.75,5556,535
3,Bhadra,12-JUL-2015,38.55,2127.16,4770,535
4,Bhadra,13-JUL-2015,38.87,2127.5,3960,535
5,Bhadra,14-JUL-2015,39.45,2128.16,7340,535
6,Bhadra,15-JUL-2015,39.71,2128.46,3591,535
0,Bhadra,16-JUL-2015,39.13,2128.7,3175,535
1,Bhadra,17-JUL-2015,40.26,2129.08,5272,1435
2,Bhadra,18-JUL-2015,40.86,2129.75,8728,1818
3,Bhadra,19-JUL-2015,42.14,2131.16,17240,2344
4,Bhadra,20-JUL-2015,44.17,2133.33,25924,2522
5,Bhadra,21-JUL-2015,45.36,2134.58,15835,2004
6,Bhadra,22-JUL-2015,46.08,2135.33,9939,1525
0,Bhadra,23-JUL-2015,46.58,2135.83,7674,2026
1,Bhadra,24-JUL-2015,46.9,2136.16,6698,2810
2,Bhadra,25-JUL-2015,47.05,2136.31,4855,3177
3,Bhadra,26-JUL-2015,47.15,2136.41,4369,3177
4,Bhadra,27-JUL-2015,47.23,2136.55,4126,3242
5,Bhadra,28-JUL-2015,47.36,2136.62,4612,3085
6,Bhadra,29-JUL-2015,47.46,2136.72,4381,3085
0,Bhadra,30-JUL-2015,47.49,2136.75,3409,3085
1,Bhadra,31-JUL-2015,47.42,2136.68,2460,3085
2,Bhadra,01-AUG-2015,47.44,2136.7,3420,3085
3,Bhadra,02-AUG-2015,47.5,2136.77,3895,3085
4,Bhadra,03-AUG-2015,47.52,2136.79,3420,3085
5,Bhadra,04-AUG-2015,47.54,2136.81,3409,3085
6,Bhadra,05-AUG-2015,47.73,2137.0,5330,3085
0,Bhadra,06-AUG-2015,47.98,2137.25,6083,3178
1,Bhadra,07-AUG-2015,48.48,2137.75,9000,3085
2,Bhadra,08-AUG-2015,48.99,2138.25,9024,3179
3,Bhadra,09-AUG-2015,49.5,2138.75,9071,3180
4,Bhadra,10-AUG-2015,49.75,2139.0,6131,3180
5,Bhadra,11-AUG-2015,50.01,2139.25,6166,3180
6,Bhadra,12-AUG-2015,50.36,2139.58,7162,3085
0,Bhadra,13-AUG-2015,50.79,2140.0,8158,3085
1,Bhadra,14-AUG-2015,51.13,2140.33,7209,3085
2,Bhadra,15-AUG-2015,51.48,2140.66,7221,3085
3,Bhadra,16-AUG-2015,51.78,2140.91,6203,3085
4,Bhadra,17-AUG-2015,51.92,2141.08,5208,3085
5,Bhadra,18-AUG-2015,51.94,2141.1,3437,3085
6,Bhadra,19-AUG-2015,52.01,2141.16,3958,3085
0,Bhadra,20-AUG-2015,52.1,2141.25,4201,3085
1,Bhadra,21-AUG-2015,52.07,2141.22,2928,3085
2,Bhadra,22-AUG-2015,52.16,2141.31,4202,3085
3,Bhadra,23-AUG-2015,52.25,2141.39,4202,3085
4,Bhadra,24-AUG-2015,52.36,2141.5,4202,3085
5,Bhadra,25-AUG-2015,52.36,2141.5,3183,3085
6,Bhadra,26-AUG-2015,52.27,2141.41,2153,3085
0,Bhadra,27-AUG-2015,52.27,2141.41,3183,3085
1,Bhadra,28-AUG-2015,52.34,2141.47,3947,3085
2,Bhadra,29-AUG-2015,52.32,2141.45,2929,3085
3,Bhadra,30-AUG-2015,52.18,2141.33,1655,3085
4,Bhadra,31-AUG-2015,52.95,2141.25,2164,3085
5,Bhadra,01-SEP-2015,51.98,2141.14,1898,3085
6,Bhadra,02-SEP-2015,51.9,2141.06,2168,3085
0,Bhadra,03-SEP-2015,51.74,2140.91,1415,3085
1,Bhadra,04-SEP-2015,51.57,2140.75,1172,3085
2,Bhadra,05-SEP-2015,51.44,2140.62,1670,3085
3,Bhadra,06-SEP-2015,51.4,2140.58,2688,3186
4,Bhadra,07-SEP-2015,51.4,2140.58,3186,3085
5,Bhadra,08-SEP-2015,51.48,2140.66,3868,2861
6,Bhadra,09-SEP-2015,51.57,2140.75,3543,2536
0,Bhadra,10-SEP-2015,51.59,2140.77,2779,2435
1,Bhadra,11-SEP-2015,51.57,2140.75,2293,2536
2,Bhadra,12-SEP-2015,51.57,2140.66,1529,2435
3,Bhadra,13-SEP-2015,51.42,2140.6,1572,2236
4,Bhadra,14-SEP-2015,51.33,2140.52,1746,2753
5,Bhadra,15-SEP-2015,51.22,2140.41,1574,2735
6,Bhadra,16-SEP-2015,51.18,2140.37,2338,2735
0,Bhadra,17-SEP-2015,51.2,2140.39,3190,2835
1,Bhadra,18-SEP-2015,51.13,2140.33,2271,2935
2,Bhadra,19-SEP-2015,50.98,2140.18,1388,3047
3,Bhadra,20-SEP-2015,50.85,2140.06,1669,3085
4,Bhadra,21-SEP-2015,50.81,2140.02,2387,2830
5,Bhadra,22-SEP-2015,50.74,2139.95,2133,0
6,Bhadra,23-SEP-2015,50.61,2139.83,1692,3030
0,Bhadra,24-SEP-2015,50.44,2139.66,1194,3085
1,Bhadra,25-SEP-2015,50.31,2139.54,1691,3085
2,Bhadra,26-SEP-2015,50.44,2139.66,4677,3085
3,Bhadra,27-SEP-2015,50.35,2139.58,2189,3085
4,Bhadra,28-SEP-2015,50.14,2139.64,3937,3085
5,Bhadra,29-SEP-2015,50.36,2139.58,2432,3085
6,Bhadra,30-SEP-2015,50.21,2139.43,1448,3065
0,Bhadra,01-OCT-2015,50.31,2139.54,4423,3085
1,Bhadra,02-OCT-2015,50.44,2139.66,4556,2935
2,Bhadra,03-OCT-2015,50.48,2139.7,3411,2968
3,Bhadra,04-OCT-2015,50.4,2139.62,1918,2905
4,Bhadra,05-OCT-2015,50.44,2139.66,3186,2688
5,Bhadra,06-OCT-2015,50.51,2139.75,2691,1938
6,Bhadra,07-OCT-2015,50.61,2139.83,3002,1635
0,Bhadra,08-OCT-2015,50.7,2139.91,2759,1635
1,Bhadra,09-OCT-2015,50.7,2139.91,2564,2380
2,Bhadra,10-OCT-2015,50.61,2139.83,1864,2735
3,Bhadra,11-OCT-2015,50.48,2139.7,1720,3085
4,Bhadra,12-OCT-2015,50.53,2139.75,3536,2910
5,Bhadra,13-OCT-2015,50.44,2139.66,2218,3213
6,Bhadra,14-OCT-2015,50.31,2139.54,1720,3085
0,Bhadra,15-OCT-2015,50.18,2139.41,1720,3085
1,Bhadra,16-OCT-2015,50.01,2139.25,1222,3085
2,Bhadra,17-OCT-2015,49.84,2139.08,1222,3085
3,Bhadra,18-OCT-2015,49.67,2138.91,1233,3085
4,Bhadra,19-OCT-2015,49.41,2138.91,272,3085
5,Bhadra,20-OCT-2015,49.18,2138.43,503,3085
6,Bhadra,21-OCT-2015,48.93,2138.18,271,3085
0,Bhadra,22-OCT-2015,48.67,2137.93,271,3085
1,Bhadra,23-OCT-2015,48.42,2137.68,305,3085
2,Bhadra,24-OCT-2015,48.17,2137.43,305,3085
3,Bhadra,25-OCT-2015,47.92,2137.18,292,3209
4,Bhadra,26-OCT-2015,47.67,2136.93,315,3085
5,Bhadra,27-OCT-2015,47.42,2136.68,338,3085
6,Bhadra,28-OCT-2015,47.17,2136.43,349,3085
0,Bhadra,29-OCT-2015,46.93,2136.18,337,3208
1,Bhadra,30-OCT-2015,46.68,2135.93,348,3085
2,Bhadra,31-OCT-2015,46.43,2135.68,283,3085
3,Bhadra,01-NOV-2015,46.19,2135.43,371,3085
4,Bhadra,02-NOV-2015,45.95,2135.18,386,3085
5,Bhadra,03-NOV-2015,45.95,2135.18,3213,3085
6,Bhadra,04-NOV-2015,45.95,2135.18,2888,2760
0,Bhadra,05-NOV-2015,45.95,2135.18,2563,2435
1,Bhadra,06-NOV-2015,45.95,2135.18,2563,2563
2,Bhadra,07-NOV-2015,45.86,2135.1,1772,2710
3,Bhadra,08-NOV-2015,45.74,2134.97,1447,2735
4,Bhadra,09-NOV-2015,45.6,2134.83,1293,2735
5,Bhadra,10-NOV-2015,45.44,2134.66,845,2709
6,Bhadra,11-NOV-2015,45.28,2134.5,707,2559
0,Bhadra,12-NOV-2015,45.12,2134.33,645,2508
1,Bhadra,13-NOV-2015,45.0,2134.2,1119,2508
2,Bhadra,14-NOV-2015,45.86,2134.06,1026,2658
3,Bhadra,15-NOV-2015,44.72,2133.91,479,2088
4,Bhadra,16-NOV-2015,44.72,2133.91,377,305
5,Bhadra,17-NOV-2015,44.72,2133.91,427,305
6,Bhadra,18-NOV-2015,44.7,2133.89,196,305
0,Bhadra,19-NOV-2015,44.7,2133.89,427,305
1,Bhadra,20-NOV-2015,44.7,2133.89,427,305
2,Bhadra,21-NOV-2015,44.7,2133.89,427,305
3,Bhadra,22-NOV-2015,44.7,2133.89,427,305
4,Bhadra,23-NOV-2015,44.7,2133.89,427,255
5,Bhadra,24-NOV-2015,44.72,2133.91,659,305
6,Bhadra,25-NOV-2015,44.72,2133.91,427,305
0,Bhadra,26-NOV-2015,44.72,2133.99,427,305
1,Bhadra,27-NOV-2015,44.72,2133.91,427,305
2,Bhadra,28-NOV-2015,44.72,2133.91,427,305
3,Bhadra,29-NOV-2015,44.72,2133.91,427,305
4,Bhadra,30-NOV-2015,44.72,2133.91,427,305
5,Bhadra,01-DEC-2015,44.74,2133.93,659,305
6,Bhadra,02-DEC-2015,44.76,2133.95,643,305
0,Bhadra,03-DEC-2015,44.78,2133.97,655,305
1,Bhadra,04-DEC-2015,44.8,2134.0,655,305
2,Bhadra,05-DEC-2015,44.82,2134.02,55,305
3,Bhadra,06-DEC-2015,44.8,2134.0,192,305
4,Bhadra,07-DEC-2015,44.78,2133.97,192,305
5,Bhadra,08-DEC-2015,44.76,2133.95,192,305
6,Bhadra,09-DEC-2015,44.78,2133.97,655,305
0,Bhadra,10-DEC-2015,44.8,2134.0,655,305
1,Bhadra,11-DEC-2015,44.8,2134.0,424,305
2,Bhadra,12-DEC-2015,44.82,2134.02,655,305
3,Bhadra,13-DEC-2015,44.86,2134.06,787,205
4,Bhadra,14-DEC-2015,64.88,2134.08,555,205
5,Bhadra,15-DEC-2015,44.9,2134.1,555,205
6,Bhadra,16-DEC-2015,44.88,2134.08,92,205
0,Bhadra,17-DEC-2015,44.86,2134.06,92,205
1,Bhadra,18-DEC-2015,44.84,2134.04,92,324
2,Bhadra,19-DEC-2015,44.82,2134.02,92,324
3,Bhadra,20-DEC-2015,44.8,2134.0,92,324
4,Bhadra,21-DEC-2015,44.78,2133.97,92,324
5,Bhadra,22-DEC-2015,44.76,2133.95,92,324
6,Bhadra,23-DEC-2015,44.74,2133.93,104,324
0,Bhadra,24-DEC-2015,44.76,2133.95,543,305
1,Bhadra,25-DEC-2015,44.79,2133.97,555,305
2,Bhadra,26-DEC-2015,44.8,2134.0,555,205
3,Bhadra,27-DEC-2015,44.78,2133.97,92,324
4,Bhadra,28-DEC-2015,44.76,2133.95,92,379
5,Bhadra,29-DEC-2015,44.74,2133.93,104,205
6,Bhadra,30-DEC-2015,44.72,2133.91,92,324
7,Bhadra,31-DEC-2015,44.74,2133.93,565,324
0,Bhadra,01-JAN-2016,44.76,2133.95,543,205
1,Bhadra,02-JAN-2016,44.78,2133.97,555,205
2,Bhadra,03-JAN-2016,44.48,2133.97,555,210
3,Bhadra,04-JAN-2016,44.78,2133.97,92,205
4,Bhadra,05-JAN-2016,44.76,2133.95,92,205
5,Bhadra,06-JAN-2016,44.74,2133.93,279,380
6,Bhadra,07-JAN-2016,44.5,2133.68,190,2834
0,Bhadra,08-JAN-2016,44.25,2133.41,228,3085
1,Bhadra,09-JAN-2016,43.99,2133.14,228,3085
2,Bhadra,10-JAN-2016,43.73,2133.1,239,3202
3,Bhadra,11-JAN-2016,43.47,2132.6,169,3085
4,Bhadra,12-JAN-2016,43.23,2132.33,365,3085
5,Bhadra,13-JAN-2016,42.95,2132.04,136,3180
6,Bhadra,14-JAN-2016,42.68,2131.75,170,3295
0,Bhadra,15-JAN-2016,42.39,2131.43,161,3380
1,Bhadra,16-JAN-2016,42.11,2131.12,149,3380
2,Bhadra,17-JAN-2016,41.82,2130.81,195,3380
3,Bhadra,18-JAN-2016,41.54,2130.5,206,3380
4,Bhadra,19-JAN-2016,41.25,2130.18,194,3380
5,Bhadra,20-JAN-2016,40.97,2129.87,228,3380
6,Bhadra,21-JAN-2016,40.69,2129.56,251,3380
0,Bhadra,22-JAN-2016,40.39,2129.22,80,3430
1,Bhadra,23-JAN-2016,40.09,2128.89,103,3430
2,Bhadra,24-JAN-2016,39.8,2128.56,137,3430
3,Bhadra,25-JAN-2016,39.52,2128.25,106,3180
4,Bhadra,26-JAN-2016,39.29,2127.95,64,2722
5,Bhadra,27-JAN-2016,39.27,2127.95,105,205
6,Bhadra,28-JAN-2016,39.25,2127.93,105,205
0,Bhadra,29-JAN-2016,39.23,2127.91,105,205
1,Bhadra,30-JAN-2016,39.21,2127.89,105,205
2,Bhadra,31-JAN-2016,39.19,2127.87,93,205
3,Bhadra,01-FEB-2016,39.18,2127.85,105,200
4,Bhadra,02-FEB-2016,39.16,2127.83,113,205
5,Bhadra,03-FEB-2016,39.14,2127.81,113,155
6,Bhadra,04-FEB-2016,39.12,2127.97,113,155
0,Bhadra,05-FEB-2016,39.1,2127.77,113,205
1,Bhadra,06-FEB-2016,39.09,2127.75,208,300
2,Bhadra,07-FEB-2016,39.07,2127.72,208,300
3,Bhadra,08-FEB-2016,39.05,2127.7,208,416
4,Bhadra,09-FEB-2016,39.05,2127.7,208,416
5,Bhadra,10-FEB-2016,39.01,2127.66,208,300
6,Bhadra,11-FEB-2016,39.0,2127.64,208,300
0,Bhadra,12-FEB-2016,38.98,2127.62,196,300
1,Bhadra,13-FEB-2016,38.91,2127.54,33,751
2,Bhadra,14-FEB-2016,38.6,2127.18,142,3580
3,Bhadra,15-FEB-2016,38.29,2126.83,161,3580
4,Bhadra,16-FEB-2016,37.96,2126.43,182,3980
5,Bhadra,17-FEB-2016,37.62,2126.04,181,3980
6,Bhadra,18-FEB-2016,37.32,2125.68,211,3559
0,Bhadra,19-FEB-2016,37.02,2125.33,112,3463
1,Bhadra,20-FEB-2016,36.71,2124.95,171,3705
2,Bhadra,21-FEB-2016,36.36,2124.54,209,4080
3,Bhadra,22-FEB-2016,35.95,2124.04,98,4780
4,Bhadra,23-FEB-2016,35.42,2124.39,251,9599
5,Bhadra,24-FEB-2016,34.95,2122.81,102,5100
6,Bhadra,25-FEB-2016,34.63,2122.41,168,3730
0,Bhadra,01-MAR-2016,32.95,2120.29,189,4230
1,Bhadra,02-MAR-2016,32.59,2119.83,228,4230
2,Bhadra,03-MAR-2016,32.23,2119.35,127,4280
3,Bhadra,04-MAR-2016,31.73,2118.7,210,5431
4,Bhadra,26-FEB-2016,34.31,2122.02,156,3730
5,Bhadra,27-FEB-2016,34.0,2121.62,101,3630
6,Bhadra,28-FEB-2016,33.69,2121.22,111,3630
7,Bhadra,29-FEB-2016,33.31,2120.75,170,4430
0,Bhadra,05-MAR-2016,31.73,2118.12,195,5380
1,Bhadra,06-MAR-2016,31.07,2117.83,195,2380
2,Bhadra,07-MAR-2016,30.95,2117.66,128,1460
3,Bhadra,08-MAR-2016,30.85,2117.54,188,1150
4,Bhadra,09-MAR-2016,30.76,2117.41,188,1150
5,Bhadra,10-MAR-2016,30.62,2117.22,143,1650
6,Bhadra,11-MAR-2016,30.48,2117.04,143,1650
0,Bhadra,12-MAR-2016,30.34,2116.85,1500,1800
1,Bhadra,13-MAR-2016,30.2,2116.66,156,1650
2,Bhadra,14-MAR-2016,30.07,2116.47,165,1650
3,Bhadra,15-MAR-2016,30.0,2116.39,156,750
4,Bhadra,16-MAR-2016,29.94,2116.31,156,750
5,Bhadra,17-MAR-2016,29.88,2116.22,144,750
6,Bhadra,18-MAR-2016,29.82,2116.14,156,750
0,Bhadra,19-MAR-2016,29.76,2116.06,156,750
1,Bhadra,20-MAR-2016,29.7,2115.85,155,750
2,Bhadra,21-MAR-2016,29.64,2113.89,163,750
3,Bhadra,22-MAR-2016,29.38,2115.56,116,2980
4,Bhadra,23-MAR-2016,29.06,2115.1,71,3630
5,Bhadra,24-MAR-2016,28.38,2114.64,166,3830
6,Bhadra,25-MAR-2016,28.41,2114.18,154,3830
0,Bhadra,01-APR-2016,26.03,2110.72,81,4030
1,Bhadra,26-MAR-2016,28.09,2113.72,188,3830
2,Bhadra,27-MAR-2016,27.75,2113.25,98,3987
3,Bhadra,28-MAR-2016,27.4,2112.75,120,4136
4,Bhadra,29-MAR-2016,27.06,2112.25,142,5030
5,Bhadra,30-MAR-2016,26.72,2111.75,187,4030
6,Bhadra,31-MAR-2016,26.38,2111.25,210,3950
0,Bhadra,02-APR-2016,25.65,2110.16,107,4300
1,Bhadra,03-APR-2016,25.28,2109.6,163,4300
2,Bhadra,04-APR-2016,24.92,2109.04,173,4300
3,Bhadra,05-APR-2016,24.54,2108.45,102,4300
4,Bhadra,06-APR-2016,24.17,2107.87,113,4300
5,Bhadra,07-APR-2016,23.8,2107.29,180,4300
6,Bhadra,08-APR-2016,23.42,2106.68,63,4300
0,Bhadra,09-APR-2016,23.05,2106.08,108,4300
1,Bhadra,10-APR-2016,22.68,2105.47,164,4300
2,Bhadra,11-APR-2016,22.31,2104.87,186,4300
3,Bhadra,12-APR-2016,21.94,2104.25,115,4300
4,Bhadra,13-APR-2016,21.67,2103.79,182,3188
5,Bhadra,14-APR-2016,21.54,2103.58,67,1350
6,Bhadra,15-APR-2016,21.45,2103.41,106,1100
0,Bhadra,16-APR-2016,21.37,2103.29,103,820
1,Bhadra,17-APR-2016,21.3,2103.16,133,850
2,Bhadra,18-APR-2016,21.23,2103.04,121,850
3,Bhadra,19-APR-2016,21.16,2102.91,144,850
4,Bhadra,20-APR-2016,21.08,2102.79,155,850
5,Bhadra,21-APR-2016,21.01,2102.66,143,850
6,Bhadra,22-APR-2016,20.94,2102.54,143,850
0,Bhadra,23-APR-2016,20.87,2102.41,154,850
1,Bhadra,24-APR-2016,20.8,2102.93,142,850
2,Bhadra,25-APR-2016,20.73,2102.16,154,850
3,Bhadra,26-APR-2016,20.73,2102.16,154,850
4,Bhadra,27-APR-2016,20.37,2101.54,149,2050
5,Bhadra,28-APR-2016,20.16,2101.16,192,2500
6,Bhadra,29-APR-2016,19.81,2100.52,140,4150
0,Bhadra,30-APR-2016,19.49,2099.93,166,3750
1,Bhadra,01-MAY-2016,19.16,2099.33,168,3800
2,Bhadra,02-MAY-2016,18.83,2098.7,104,3850
3,Bhadra,03-MAY-2016,18.5,2098.08,149,3850
4,Bhadra,04-MAY-2016,17.85,2096.81,137,3850
5,Bhadra,05-MAY-2016,17.85,2096.81,137,3850
6,Bhadra,06-MAY-2016,17.53,2096.16,155,3800
0,Bhadra,07-MAY-2016,17.2,2095.55,146,3850
1,Bhadra,08-MAY-2016,16.88,2094.83,140,3800
2,Bhadra,09-MAY-2016,16.55,2094.14,142,3850
3,Bhadra,10-MAY-2016,16.23,2093.45,160,3800
4,Bhadra,11-MAY-2016,15.9,2092.75,140,3850
5,Bhadra,12-MAY-2016,15.57,2092.02,140,3900
6,Bhadra,13-MAY-2016,15.23,2091.27,106,3600
0,Bhadra,14-MAY-2016,14.84,2090.37,172,4650
1,Bhadra,15-MAY-2016,14.44,2089.45,170,4550
2,Bhadra,16-MAY-2016,14.07,2088.56,115,4400
3,Bhadra,17-MAY-2016,13.72,2087.72,125,3830
4,Bhadra,18-MAY-2016,13.4,2086.93,140,3780
5,Bhadra,19-MAY-2016,13.15,2086.29,166,3043
6,Bhadra,20-MAY-2016,13.08,2086.12,139,830
0,Bhadra,21-MAY-2016,13.01,2085.95,139,830
1,Bhadra,22-MAY-2016,12.95,2085.79,162,830
2,Bhadra,23-MAY-2016,12.92,2085.7,140,450
3,Bhadra,24-MAY-2016,12.89,2085.62,152,450
4,Bhadra,25-MAY-2016,12.85,2085.54,152,450
5,Bhadra,26-MAY-2016,12.82,2085.45,152,450
6,Bhadra,27-MAY-2016,12.79,2085.37,151,450
0,Bhadra,28-MAY-2016,12.76,2085.29,151,450
1,Bhadra,29-MAY-2016,12.72,2085.2,139,250
2,Bhadra,30-MAY-2016,12.69,2085.12,151,450
3,Bhadra,31-MAY-2016,12.66,2085.04,151,450
4,Bhadra,01-JUN-2016,12.63,2084.95,151,450
5,Bhadra,02-JUN-2016,12.6,2084.87,120,450
6,Bhadra,03-JUN-2016,12.57,2084.79,128,450
0,Bhadra,04-JUN-2016,12.54,2084.72,209,450
1,Bhadra,05-JUN-2016,12.52,2084.66,220,450
2,Bhadra,06-JUN-2016,12.5,2084.62,151,300
3,Bhadra,07-JUN-2016,12.49,2084.58,151,300
4,Bhadra,08-JUN-2016,12.48,2084.53,194,250
5,Bhadra,09-JUN-2016,12.48,2084.56,286,250
6,Bhadra,10-JUN-2016,12.52,2084.64,749,250
0,Bhadra,11-JUN-2016,12.57,2084.79,330,250
1,Bhadra,12-JUN-2016,12.61,2084.91,830,250
2,Bhadra,13-JUN-2016,12.68,2085.08,1016,250
3,Bhadra,14-JUN-2016,12.72,2085.2,843,250
4,Bhadra,15-JUN-2016,12.74,2085.25,472,250
5,Bhadra,16-JUN-2016,12.76,2085.29,484,250
6,Bhadra,17-JUN-2016,12.77,2085.33,472,250
0,Bhadra,18-JUN-2016,12.79,2085.37,472,250
1,Bhadra,19-JUN-2016,12.84,2075.5,648,55
2,Bhadra,20-JUN-2016,12.87,2085.58,463,92
3,Bhadra,21-JUN-2016,12.93,2085.75,833,55
4,Bhadra,22-JUN-2016,13.0,2085.91,845,55
5,Bhadra,23-JUN-2016,13.16,2086.33,1991,55
6,Bhadra,24-JUN-2016,13.29,2086.66,1621,55
0,Bhadra,25-JUN-2016,13.56,2086.33,3185,55
1,Bhadra,26-JUN-2016,13.73,2086.75,2050,55
2,Bhadra,27-JUN-2016,13.9,2088.16,2074,55
3,Bhadra,28-JUN-2016,14.18,2088.83,3312,55
4,Bhadra,29-JUN-2016,14.89,2090.5,8348,55
5,Bhadra,30-JUN-2016,16.28,2093.58,16209,55
6,Bhadra,01-JUL-2016,17.4,2095.91,13052,55
0,Bhadra,02-JUL-2016,18.24,2097.58,9835,157
1,Bhadra,03-JUL-2016,18.98,2099.0,8656,55
2,Bhadra,04-JUL-2016,20.02,2100.91,12141,55
3,Bhadra,05-JUL-2016,21.3,2103.16,14898,107
4,Bhadra,06-JUL-2016,22.54,2105.25,14414,55
5,Bhadra,07-JUL-2016,23.23,2106.37,8085,55
6,Bhadra,08-JUL-2016,23.93,2107.5,8248,112
0,Bhadra,09-JUL-2016,24.38,2108.2,5321,113
1,Bhadra,10-JUL-2016,24.73,2108.75,4141,114
2,Bhadra,11-JUL-2016,25.65,2110.16,10844,55
3,Bhadra,12-JUL-2016,26.94,2112.08,15047,116
4,Bhadra,13-JUL-2016,27.58,2113.0,7433,55
5,Bhadra,14-JUL-2016,28.16,2113.83,6878,55
6,Bhadra,15-JUL-2016,28.75,2114.66,6972,55
0,Bhadra,16-JUL-2016,29.17,2115.25,4958,55
1,Bhadra,17-JUL-2016,29.65,2115.91,5711,55
2,Bhadra,18-JUL-2016,29.96,2116.33,3652,55
3,Bhadra,19-JUL-2016,30.26,2116.75,3664,55
4,Bhadra,20-JUL-2016,30.45,2117.0,2252,55
5,Bhadra,21-JUL-2016,30.7,2117.33,3005,55
6,Bhadra,22-JUL-2016,30.95,2117.66,3994,55
0,Bhadra,23-JUL-2016,31.32,2118.16,4464,55
1,Bhadra,24-JUL-2016,31.57,2118.5,3052,55
2,Bhadra,25-JUL-2016,31.89,2118.91,3782,55
3,Bhadra,26-JUL-2016,32.14,2119.25,3114,55
4,Bhadra,27-JUL-2016,32.4,2119.58,3430,385
5,Bhadra,28-JUL-2016,32.53,2119.75,1937,385
6,Bhadra,29-JUL-2016,32.72,2120.0,2740,435
0,Bhadra,30-JUL-2016,33.05,2120.41,4268,435
1,Bhadra,31-JUL-2016,33.31,2120.75,3527,435
2,Bhadra,01-AUG-2016,33.5,2121.0,2764,435
3,Bhadra,02-AUG-2016,33.77,2121.33,3563,435
4,Bhadra,03-AUG-2016,34.03,2121.66,3563,435
5,Bhadra,04-AUG-2016,34.23,2121.91,2799,435
6,Bhadra,05-AUG-2016,34.23,2122.45,5720,623
0,Bhadra,06-AUG-2016,35.37,2123.33,9993,1735
1,Bhadra,07-AUG-2016,36.12,2124.25,10591,1835
2,Bhadra,08-AUG-2016,36.69,2124.91,8289,1835
3,Bhadra,09-AUG-2016,37.02,2125.33,6940,2823
4,Bhadra,10-AUG-2016,37.37,2125.75,7126,2985
5,Bhadra,11-AUG-2016,37.58,2126.0,5494,2985
6,Bhadra,12-AUG-2016,37.79,2126.25,4879,2335
0,Bhadra,13-AUG-2016,38.01,2126.5,5441,2885
1,Bhadra,14-AUG-2016,38.22,2126.75,5530,2985
2,Bhadra,15-AUG-2016,38.44,2127.0,5547,3085
3,Bhadra,16-AUG-2016,38.6,2127.2,5052,3085
4,Bhadra,17-AUG-2016,38.91,2127.54,6719,3085
5,Bhadra,18-AUG-2016,39.19,2127.87,6511,3085
6,Bhadra,19-AUG-2016,39.52,2128.25,6986,3085
0,Bhadra,20-AUG-2016,39.78,2128.54,6141,3085
1,Bhadra,21-AUG-2016,39.89,2128.66,4440,3085
2,Bhadra,22-AUG-2016,39.97,2128.75,4023,3085
3,Bhadra,23-AUG-2016,40.0,2128.79,3584,3085
4,Bhadra,24-AUG-2016,40.04,2128.83,3595,3085
5,Bhadra,25-AUG-2016,40.19,2129.0,4869,3085
6,Bhadra,26-AUG-2016,40.26,2129.08,4036,3085
0,Bhadra,27-AUG-2016,40.33,2129.16,4024,3085
1,Bhadra,28-AUG-2016,40.41,2129.25,4036,3085
2,Bhadra,29-AUG-2016,40.48,2129.33,4036,3085
3,Bhadra,30-AUG-2016,40.56,2129.41,4024,3085
4,Bhadra,31-AUG-2016,40.63,2129.5,4036,3085
5,Bhadra,01-SEP-2016,40.78,2129.66,4686,2893
6,Bhadra,02-SEP-2016,40.93,2129.83,4158,2335
0,Bhadra,03-SEP-2016,41.01,2129.91,3278,2335
1,Bhadra,04-SEP-2016,41.08,2130.0,3590,2635
2,Bhadra,05-SEP-2016,41.16,2130.08,3601,2635
3,Bhadra,06-SEP-2016,41.23,2130.16,3501,2535
4,Bhadra,07-SEP-2016,41.31,2130.25,3490,2535
5,Bhadra,08-SEP-2016,41.38,2130.33,3602,2635
6,Bhadra,09-SEP-2016,41.46,2130.41,3752,2785
0,Bhadra,10-SEP-2016,41.38,2130.33,1993,2785
1,Bhadra,11-SEP-2016,41.31,2130.25,2092,2885
2,Bhadra,12-SEP-2016,41.2,2130.12,1664,2885
3,Bhadra,13-SEP-2016,41.08,2130.0,1652,2885
4,Bhadra,14-SEP-2016,40.93,2129.83,1247,2885
5,Bhadra,15-SEP-2016,40.8,2129.68,1280,2710
6,Bhadra,16-SEP-2016,40.71,2129.58,1545,2535
0,Bhadra,17-SEP-2016,40.61,2129.47,1433,2435
1,Bhadra,18-SEP-2016,40.6,2129.45,1813,2021
2,Bhadra,19-SEP-2016,40.54,2129.39,1573,2135
3,Bhadra,20-SEP-2016,40.43,2129.27,1125,2335
4,Bhadra,21-SEP-2016,40.33,2129.16,1328,2330
5,Bhadra,22-SEP-2016,40.26,2129.08,1359,2130
6,Bhadra,23-SEP-2016,40.37,2129.2,2249,867
0,Bhadra,24-SEP-2016,40.66,2129.5,3307,200
1,Bhadra,25-SEP-2016,40.75,2129.62,1583,200
2,Bhadra,26-SEP-2016,40.96,2129.87,2879,200
3,Bhadra,27-SEP-2016,41.08,2130.0,1583,199
4,Bhadra,28-SEP-2016,41.16,2130.08,1166,200
5,Bhadra,29-SEP-2016,41.23,2130.16,1167,200
6,Bhadra,30-SEP-2016,41.31,2130.25,1105,150
0,Bhadra,01-OCT-2016,41.38,2130.33,113,150
1,Bhadra,02-OCT-2016,41.46,2130.41,1142,150
2,Bhadra,03-OCT-2016,41.46,2130.41,538,425
3,Bhadra,04-OCT-2016,41.27,2130.2,253,2340
4,Bhadra,05-OCT-2016,41.06,2129.97,355,2650
5,Bhadra,06-OCT-2016,40.86,2129.75,389,2650
6,Bhadra,07-OCT-2016,40.65,2129.52,389,2650
0,Bhadra,08-OCT-2016,40.43,2129.27,408,3890
1,Bhadra,09-OCT-2016,40.19,2129.91,378,3080
2,Bhadra,10-OCT-2016,39.95,2128.72,423,3080
3,Bhadra,11-OCT-2016,39.71,2128.45,423,2950
4,Bhadra,12-OCT-2016,39.45,2128.16,214,3080
5,Bhadra,13-OCT-2016,39.3,2128.0,1487,3080
6,Bhadra,14-OCT-2016,39.12,2127.79,1093,3080
0,Bhadra,15-OCT-2016,38.92,2127.56,885,3080
1,Bhadra,16-OCT-2016,38.71,2127.31,676,3080
2,Bhadra,17-OCT-2016,38.49,2127.31,675,3080
3,Bhadra,18-OCT-2016,38.26,2126.79,502,3080
4,Bhadra,19-OCT-2016,38.26,2126.79,502,3080
5,Bhadra,20-OCT-2016,37.76,2126.2,304,3080
6,Bhadra,21-OCT-2016,37.76,2125.91,315,3080
0,Bhadra,22-OCT-2016,37.27,2125.62,349,3080
1,Bhadra,23-OCT-2016,37.02,2125.33,337,3080
2,Bhadra,24-OCT-2016,36.78,2125.04,348,3080
3,Bhadra,25-OCT-2016,36.52,2124.72,186,3080
4,Bhadra,26-OCT-2016,36.26,2124.41,197,3080
5,Bhadra,27-OCT-2016,36.0,2124.1,184,3080
6,Bhadra,28-OCT-2016,35.74,2124.79,219,3080
0,Bhadra,29-OCT-2016,35.49,2123.47,230,3080
1,Bhadra,30-OCT-2016,35.23,2123.16,241,3085
2,Bhadra,31-OCT-2016,34.98,2122.85,252,3180
3,Bhadra,01-NOV-2016,34.73,2122.54,160,2965
4,Bhadra,02-NOV-2016,34.48,2122.22,221,3023
5,Bhadra,03-NOV-2016,34.23,2121.91,288,3080
6,Bhadra,04-NOV-2016,33.97,2121.58,125,3080
0,Bhadra,05-NOV-2016,33.7,2121.25,124,3080
1,Bhadra,06-NOV-2016,33.44,2120.91,135,3080
2,Bhadra,07-NOV-2016,33.18,2120.58,170,3080
3,Bhadra,08-NOV-2016,32.92,2120.25,158,3080
4,Bhadra,09-NOV-2016,32.66,2119.91,180,3080
5,Bhadra,10-NOV-2016,32.4,2119.58,203,3080
6,Bhadra,11-NOV-2016,32.14,2119.25,202,3080
0,Bhadra,12-NOV-2016,31.89,2118.91,225,3080
1,Bhadra,13-NOV-2016,31.64,2118.58,248,3080
2,Bhadra,14-NOV-2016,31.38,2118.25,247,3080
3,Bhadra,15-NOV-2016,31.13,2117.91,270,3080
4,Bhadra,16-NOV-2016,30.88,2117.58,248,3035
5,Bhadra,17-NOV-2016,30.42,2116.95,247,2850
6,Bhadra,18-NOV-2016,30.42,2116.95,247,2850
0,Bhadra,19-NOV-2016,30.17,2116.62,108,2850
1,Bhadra,20-NOV-2016,29.93,2116.29,107,2850
2,Bhadra,21-NOV-2016,29.76,2116.06,111,2055
3,Bhadra,22-NOV-2016,29.74,2116.04,119,292
4,Bhadra,23-NOV-2016,29.73,2116.02,82,175
5,Bhadra,24-NOV-2016,29.73,2116.02,167,167
6,Bhadra,25-NOV-2016,29.73,2116.02,167,167
0,Bhadra,26-NOV-2016,44.72,2133.91,427,305
1,Bhadra,27-NOV-2016,44.72,2133.91,427,305
2,Bhadra,28-NOV-2016,44.72,2133.91,427,305
3,Bhadra,29-NOV-2016,44.72,2133.91,427,305
4,Bhadra,30-NOV-2016,44.72,2133.91,427,305
5,Bhadra,01-DEC-2016,44.74,2133.93,659,305
6,Bhadra,02-DEC-2016,44.76,2133.95,643,305
0,Bhadra,03-DEC-2016,29.73,2116.02,164,75
1,Bhadra,04-DEC-2016,29.73,2116.02,154,65
2,Bhadra,05-DEC-2016,29.73,2116.02,159,70
3,Bhadra,06-DEC-2016,29.73,2116.02,164,75
4,Bhadra,07-DEC-2016,29.74,2116.04,339,65
5,Bhadra,08-DEC-2016,29.76,2116.06,333,70
6,Bhadra,09-DEC-2016,29.76,2116.0,338,75
0,Bhadra,10-DEC-2016,29.71,2116.1,344,75
1,Bhadra,11-DEC-2016,29.81,2116.12,338,75
2,Bhadra,12-DEC-2016,29.81,2116.12,159,70
3,Bhadra,13-DEC-2016,29.81,2116.12,164,75
4,Bhadra,14-DEC-2016,29.82,2116.14,333,70
5,Bhadra,15-DEC-2016,29.84,2116.16,349,75
6,Bhadra,16-DEC-2016,29.85,2116.18,333,70
0,Bhadra,17-DEC-2016,29.85,2116.18,164,75
1,Bhadra,18-DEC-2016,29.85,2116.18,159,70
2,Bhadra,19-DEC-2016,29.87,2116.2,338,75
3,Bhadra,20-DEC-2016,29.87,2116.2,159,70
4,Bhadra,21-DEC-2016,29.87,2116.2,164,75
5,Bhadra,22-DEC-2016,29.88,2116.22,333,70
6,Bhadra,23-DEC-2016,29.88,2116.22,333,70
0,Bhadra,24-DEC-2016,29.88,2116.22,169,80
1,Bhadra,25-DEC-2016,29.9,2116.25,335,60
2,Bhadra,26-DEC-2016,29.9,2116.25,159,70
3,Bhadra,27-DEC-2016,29.9,2116.25,164,75
4,Bhadra,28-DEC-2016,29.91,2116.27,323,60
5,Bhadra,29-DEC-2016,29.91,2116.27,169,80
6,Bhadra,30-DEC-2016,29.91,2116.27,159,70
7,Bhadra,31-DEC-2016,29.91,2116.27,164,75
0,Bhadra,01-JAN-2017,29.93,2116.29,328,155
1,Bhadra,02-JAN-2017,29.93,2116.29,170,80
2,Bhadra,03-JAN-2017,29.93,2116.29,160,70
3,Bhadra,04-JAN-2017,29.93,2116.29,165,75
4,Bhadra,05-JAN-2017,29.93,2116.29,160,70
5,Bhadra,06-JAN-2017,29.9,2116.25,142,400
6,Bhadra,07-JAN-2017,29.84,2116.16,261,878
0,Bhadra,08-JAN-2017,29.58,2115.81,171,3080
1,Bhadra,09-JAN-2017,29.32,2115.45,206,3080
2,Bhadra,10-JAN-2017,29.06,2115.1,193,3080
3,Bhadra,11-JAN-2017,28.8,2114.81,97,3100
4,Bhadra,12-JAN-2017,28.53,2114.35,97,3100
5,Bhadra,13-JAN-2017,28.26,2113.97,95,3110
6,Bhadra,14-JAN-2017,28.0,2113.6,122,3080
0,Bhadra,15-JAN-2017,27.74,2113.22,133,3080
1,Bhadra,16-JAN-2017,27.46,2112.83,120,3230
2,Bhadra,17-JAN-2017,27.19,2112.43,154,3230
3,Bhadra,18-JAN-2017,26.92,2112.04,166,3230
4,Bhadra,19-JAN-2017,26.72,2111.75,93,2302
5,Bhadra,20-JAN-2017,26.68,2111.72,115,530
6,Bhadra,21-JAN-2017,26.63,2111.62,127,530
0,Bhadra,22-JAN-2017,26.61,2111.58,172,413
1,Bhadra,23-JAN-2017,26.59,2111.56,89,180
2,Bhadra,24-JAN-2017,26.58,2111.54,121,200
3,Bhadra,25-JAN-2017,26.56,2111.52,121,200
4,Bhadra,26-JAN-2017,26.55,2111.5,121,200
5,Bhadra,27-JAN-2017,26.53,2111.47,110,190
6,Bhadra,28-JAN-2017,26.52,2111.45,100,180
0,Bhadra,29-JAN-2017,26.51,2111.43,121,200
1,Bhadra,30-JAN-2017,26.49,2111.41,110,190
2,Bhadra,31-JAN-2017,26.48,2111.39,89,300
3,Bhadra,01-FEB-2017,26.39,2111.27,110,1000
4,Bhadra,02-FEB-2017,26.31,2111.14,107,1000
5,Bhadra,03-FEB-2017,26.22,2111.02,107,1091
6,Bhadra,04-FEB-2017,26.14,2110.89,130,1000
0,Bhadra,05-FEB-2017,26.06,2110.77,118,1000
1,Bhadra,06-FEB-2017,25.89,2110.52,169,2000
2,Bhadra,07-FEB-2017,25.72,2110.27,157,2000
3,Bhadra,08-FEB-2017,25.56,2110.02,168,2000
4,Bhadra,09-FEB-2017,25.39,2109.77,191,2000
5,Bhadra,10-FEB-2017,25.26,2109.56,103,1600
6,Bhadra,11-FEB-2017,25.12,2109.35,114,1600
0,Bhadra,12-FEB-2017,24.98,2109.14,114,1600
1,Bhadra,13-FEB-2017,24.81,2108.87,101,2050
2,Bhadra,14-FEB-2017,24.63,2108.6,112,2050
3,Bhadra,15-FEB-2017,24.46,2108.33,123,2050
4,Bhadra,16-FEB-2017,24.29,2108.06,123,2050
5,Bhadra,17-FEB-2017,24.15,2107.85,108,1550
6,Bhadra,18-FEB-2017,24.09,2107.75,122,800
0,Bhadra,19-FEB-2017,24.0,2107.6,133,1112
1,Bhadra,20-FEB-2017,23.67,2107.08,119,3830
2,Bhadra,21-FEB-2017,23.38,2106.62,104,3330
3,Bhadra,22-FEB-2017,23.1,2106.06,127,3330
4,Bhadra,23-FEB-2017,22.8,2105.68,122,3430
5,Bhadra,24-FEB-2017,22.5,2105.18,102,3550
6,Bhadra,25-FEB-2017,22.2,2105.18,147,3550
0,Bhadra,26-FEB-2017,21.9,2104.18,131,3500
1,Bhadra,27-FEB-2017,21.61,2103.68,165,3500
2,Bhadra,28-FEB-2017,21.3,2103.16,110,3550
3,Bhadra,01-MAR-2017,21.07,2102.77,121,2694
4,Bhadra,02-MAR-2017,21.01,2102.66,143,750
5,Bhadra,03-MAR-2017,20.95,2102.25,143,750
6,Bhadra,04-MAR-2017,20.89,2102.45,154,750
0,Bhadra,05-MAR-2017,20.83,2102.35,162,0
1,Bhadra,06-MAR-2017,20.77,2102.25,142,750
2,Bhadra,07-MAR-2017,20.71,2102.14,154,750
3,Bhadra,08-MAR-2017,20.65,2102.04,142,750
4,Bhadra,09-MAR-2017,20.62,2101.97,144,475
5,Bhadra,10-MAR-2017,20.61,2101.91,159,200
6,Bhadra,11-MAR-2017,20.6,2101.93,147,200
0,Bhadra,12-MAR-2017,20.58,2101.91,147,200
1,Bhadra,13-MAR-2017,20.57,2101.89,159,200
2,Bhadra,14-MAR-2017,20.56,2101.87,147,200
3,Bhadra,15-MAR-2017,20.55,2101.85,147,200
4,Bhadra,16-MAR-2017,20.54,2101.83,158,200
5,Bhadra,17-MAR-2017,20.53,2101.81,147,200
6,Bhadra,18-MAR-2017,20.51,2101.79,147,200
0,Bhadra,19-MAR-2017,20.5,2101.77,147,200
1,Bhadra,20-MAR-2017,20.48,2101.72,119,300
2,Bhadra,21-MAR-2017,20.21,2101.25,147,3175
3,Bhadra,22-MAR-2017,19.96,2100.79,144,3000
4,Bhadra,23-MAR-2017,19.7,2100.33,167,3000
5,Bhadra,24-MAR-2017,19.45,2099.87,189,3000
6,Bhadra,25-MAR-2017,19.2,2099.39,107,3000
0,Bhadra,26-MAR-2017,18.87,2098.79,167,3813
1,Bhadra,27-MAR-2017,18.37,2097.83,131,5850
2,Bhadra,28-MAR-2017,17.86,2096.83,195,6030
3,Bhadra,29-MAR-2017,17.34,2095.79,89,6030
4,Bhadra,30-MAR-2017,16.83,2094.72,133,6030
5,Bhadra,31-MAR-2017,16.36,2093.75,126,5434
6,Bhadra,01-APR-2017,15.93,2092.71,99,5200
0,Bhadra,02-APR-2017,15.49,2091.85,106,5050
1,Bhadra,03-APR-2017,15.03,2090.81,91,5350
2,Bhadra,04-APR-2017,14.57,2089.75,124,5350
3,Bhadra,05-APR-2017,14.21,2088.91,175,4188
4,Bhadra,06-APR-2017,14.17,2088.79,147,550
5,Bhadra,07-APR-2017,14.13,2088.7,146,550
6,Bhadra,08-APR-2017,14.08,2088.6,135,550
0,Bhadra,09-APR-2017,14.04,2088.5,146,550
1,Bhadra,10-APR-2017,14.0,2088.39,146,550
2,Bhadra,11-APR-2017,13.95,2088.29,134,550
3,Bhadra,12-APR-2017,13.91,2088.2,145,550
4,Bhadra,13-APR-2017,13.87,2088.08,145,550
5,Bhadra,14-APR-2017,13.82,2087.97,145,550
6,Bhadra,15-APR-2017,13.8,2087.71,136,345
0,Bhadra,16-APR-2017,13.78,2087.87,95,200
1,Bhadra,17-APR-2017,13.76,2087.83,95,200
2,Bhadra,18-APR-2017,13.75,2087.79,100,205
3,Bhadra,19-APR-2017,13.73,2087.75,100,205
4,Bhadra,20-APR-2017,13.71,2087.7,112,205
5,Bhadra,21-APR-2017,13.7,2087.66,100,205
6,Bhadra,22-APR-2017,13.68,2087.62,100,205
0,Bhadra,23-APR-2017,13.66,2087.58,100,205
1,Bhadra,24-APR-2017,13.65,2087.54,100,205
2,Bhadra,25-APR-2017,13.63,2087.5,100,205
3,Bhadra,26-APR-2017,13.61,2087.45,99,205
4,Bhadra,27-APR-2017,13.55,2087.31,113,705
5,Bhadra,28-APR-2017,13.33,2086.04,105,2630
6,Bhadra,29-APR-2017,13.1,2086.18,113,2605
0,Bhadra,30-APR-2017,12.89,2085.62,158,2605
1,Bhadra,01-MAY-2017,12.66,2085.04,87,2605
2,Bhadra,02-MAY-2017,12.44,2084.45,129,2605
3,Bhadra,03-MAY-2017,12.22,2083.87,151,2605
4,Bhadra,04-MAY-2017,11.98,2083.2,103,2870
5,Bhadra,05-MAY-2017,11.6,2082.16,150,4400
6,Bhadra,06-MAY-2017,11.25,2081.14,120,4175
0,Bhadra,07-MAY-2017,11.01,2080.43,154,2880
1,Bhadra,08-MAY-2017,10.78,2079.75,100,2700
2,Bhadra,09-MAY-2017,10.55,2079.06,145,2700
3,Bhadra,10-MAY-2017,10.3,2078.29,151,2950
4,Bhadra,11-MAY-2017,10.06,2077.5,150,2950
5,Bhadra,12-MAY-2017,9.81,2076.68,125,2950
6,Bhadra,13-MAY-2017,9.56,2075.85,135,2950
0,Bhadra,14-MAY-2017,9.32,2075.04,147,2825
1,Bhadra,15-MAY-2017,9.1,2074.22,102,2700
2,Bhadra,16-MAY-2017,8.87,2073.39,147,2700
3,Bhadra,17-MAY-2017,8.69,2072.7,137,2200
4,Bhadra,18-MAY-2017,8.52,2072.08,139,2000
5,Bhadra,19-MAY-2017,8.52,2071.83,100,700
6,Bhadra,20-MAY-2017,8.45,2071.75,305,500
0,Bhadra,21-MAY-2017,8.43,2071.66,339,500
1,Bhadra,22-MAY-2017,8.41,2071.58,288,450
2,Bhadra,23-MAY-2017,8.39,2071.5,276,450
3,Bhadra,24-MAY-2017,8.39,2071.5,496,450
4,Bhadra,25-MAY-2017,8.52,2072.08,2026,450
5,Bhadra,26-MAY-2017,8.59,2072.33,1263,450
6,Bhadra,27-MAY-2017,8.64,2072.54,1136,450
0,Bhadra,01-JUN-2017,8.73,2072.85,627,450
1,Bhadra,02-JUN-2017,8.74,2072.89,603,450
2,Bhadra,03-JUN-2017,8.75,2072.93,353,200
3,Bhadra,29-MAY-2017,8.69,2072.7,754,450
4,Bhadra,30-MAY-2017,8.7,2072.77,696,450
5,Bhadra,31-MAY-2017,8.72,2072.81,627,450
6,Bhadra,28-MAY-2017,8.67,2072.62,754,450
0,Bhadra,04-JUN-2017,8.75,2072.95,283,200
1,Bhadra,05-JUN-2017,8.76,2072.97,295,200
2,Bhadra,06-JUN-2017,8.76,2073.0,283,200
3,Bhadra,07-JUN-2017,8.79,2073.08,480,200
4,Bhadra,08-JUN-2017,8.81,2073.16,492,200
5,Bhadra,09-JUN-2017,8.83,2073.22,411,200
6,Bhadra,10-JUN-2017,8.84,2073.29,423,200
0,Bhadra,11-JUN-2017,8.86,2073.37,481,200
1,Bhadra,12-JUN-2017,9.03,2073.0,2159,200
2,Bhadra,13-JUN-2017,9.36,2075.16,4035,200
3,Bhadra,14-JUN-2017,9.6,2076.0,3029,200
4,Bhadra,15-JUN-2017,9.75,2076.5,1965,200
5,Bhadra,16-JUN-2017,10.21,2078.0,5442,100
6,Bhadra,17-JUN-2017,10.61,2079.25,4772,100
0,Bhadra,18-JUN-2017,11.03,2079.25,4947,100
1,Bhadra,19-JUN-2017,11.37,2081.5,4091,100
2,Bhadra,20-JUN-2017,11.54,2082.0,2147,100
3,Bhadra,21-JUN-2017,11.72,2082.5,2206,100
4,Bhadra,22-JUN-2017,11.9,2083.0,2195,100
5,Bhadra,23-JUN-2017,11.08,2083.5,2253,100
6,Bhadra,24-JUN-2017,12.27,2084.0,2265,100
0,Bhadra,26-JUN-2017,12.64,2085.0,2312,100
1,Bhadra,27-JUN-2017,13.63,2087.5,11538,138
2,Bhadra,28-JUN-2017,14.25,2089.0,7304,140
3,Bhadra,29-JUN-2017,14.67,2090.0,5071,100
4,Bhadra,30-JUN-2017,15.11,2091.0,5188,142
5,Bhadra,01-JUL-2017,15.56,2092.0,5305,100
6,Bhadra,25-JUN-2017,12.45,2084.5,2312,100
0,Bhadra,02-JUL-2017,16,2093.3,6763,100
1,Bhadra,03-JUL-2017,16,2094.0,4194,100
2,Bhadra,04-JUL-2017,17,2094.5,2910,100
3,Bhadra,05-JUL-2017,17,2095.0,2899,100
4,Bhadra,06-JUL-2017,17,2095.6,3444,145
5,Bhadra,07-JUL-2017,18,2096.3,3954,100
6,Bhadra,08-JUL-2017,18,2096.7,3654,100
0,Bhadra,09-JUL-2017,18.02,2097.16,2462,100
1,Bhadra,10-JUL-2017,18.12,2097.33,1258,100
2,Bhadra,11-JUL-2017,18.24,2097.58,1629,100
3,Bhadra,12-JUL-2017,18.37,2097.83,1641,100
4,Bhadra,13-JUL-2017,18.55,2098.16,2150,100
5,Bhadra,14-JUL-2017,18.68,2098.41,1665,100
6,Bhadra,15-JUL-2017,18.75,2098.83,2684,100
0,Bhadra,16-JUL-2017,19.21,2099.41,3747,100
1,Bhadra,17-JUL-2017,19.61,2100.16,4836,100
2,Bhadra,18-JUL-2017,19.89,2100.66,3321,100
3,Bhadra,19-JUL-2017,20.54,2101.83,7685,100
4,Bhadra,20-JUL-2017,22.09,2104.5,18092,100
5,Bhadra,21-JUL-2017,23.82,2107.33,20260,100
6,Bhadra,22-JUL-2017,24.73,2108.75,10609,100
0,Bhadra,23-JUL-2017,25.49,2109.91,8967,100
1,Bhadra,24-JUL-2017,25.99,2110.66,5936,100
2,Bhadra,25-JUL-2017,26.44,2111.33,5346,100
3,Bhadra,26-JUL-2017,26.89,2112.0,5393,100
4,Bhadra,27-JUL-2017,27.23,2112.5,4144,100
5,Bhadra,28-JUL-2017,27.58,2113.0,4156,163
6,Bhadra,29-JUL-2017,27.93,2113.5,4215,100
0,Bhadra,30-JUL-2017,28.28,2114.0,4227,100
1,Bhadra,31-JUL-2017,28.57,2114.41,3602,100
2,Bhadra,01-AUG-2017,28.87,2114.5,3600,100
3,Bhadra,02-AUG-2017,28.99,2115.0,1544,100
4,Bhadra,03-AUG-2017,29.17,2115.3,2239,100
5,Bhadra,04-AUG-2017,29.47,2115.8,3662,100
6,Bhadra,05-AUG-2017,30.08,2116.5,7215,50
0,Bhadra,06-AUG-2017,30.28,2117.5,8732,50
1,Bhadra,07-AUG-2017,31.26,2118.08,5215,100
2,Bhadra,08-AUG-2017,31.57,2118.5,3826,100
3,Bhadra,09-AUG-2017,31.83,2118.83,3098,100
4,Bhadra,10-AUG-2017,32.08,2119.16,3098,100
5,Bhadra,11-AUG-2017,32.27,2119.41,2404,100
6,Bhadra,12-AUG-2017,32.66,2119.91,4627,100
0,Bhadra,19-AUG-2017,34.7,2122.5,2489,100
1,Bhadra,13-AUG-2017,33.37,2120.83,8447,100
2,Bhadra,14-AUG-2017,33.64,2121.16,3204,100
3,Bhadra,15-AUG-2017,33.9,2121.75,3228,100
4,Bhadra,16-AUG-2017,34.1,2121.75,2464,100
5,Bhadra,17-AUG-2017,34.3,2122.0,2464,100
6,Bhadra,18-AUG-2017,34.5,2122.12,2500,100
0,Bhadra,20-AUG-2017,35.1,2123.0,4828,100
1,Bhadra,21-AUG-2017,35.85,2123.91,8821,100
2,Bhadra,22-AUG-2017,36.74,2125.0,10535,100
3,Bhadra,23-AUG-2017,37.37,2125.75,7481,100
4,Bhadra,24-AUG-2017,37.79,2126.25,5075,100
5,Bhadra,25-AUG-2017,38.22,2126.75,5121,100
6,Bhadra,26-AUG-2017,38.58,2127.16,4335,100
0,Bhadra,27-AUG-2017,39.23,2127.91,7715,100
1,Bhadra,28-AUG-2017,40.19,2129.0,11223,100
2,Bhadra,29-AUG-2017,41.08,2130.0,10553,183
3,Bhadra,30-AUG-2017,42.3,2131.33,14298,100
4,Bhadra,31-AUG-2017,43.38,2132.5,12721,100
5,Bhadra,01-SEP-2017,43.38,2133.08,6518,100
6,Bhadra,02-SEP-2017,44.32,2133.5,4774,100
0,Bhadra,03-SEP-2017,44.64,2133.83,3861,100
1,Bhadra,04-SEP-2017,44.96,2134.16,3884,100
2,Bhadra,05-SEP-2017,45.2,2134.41,2970,60
3,Bhadra,06-SEP-2017,45.36,2134.53,2056,193
4,Bhadra,07-SEP-2017,45.76,2135.0,4834,193
5,Bhadra,08-SEP-2017,46.09,2135.33,3967,194
6,Bhadra,09-SEP-2017,46.41,2135.66,3956,194
0,Bhadra,15-SEP-2017,47.73,2137.0,2061,55
1,Bhadra,16-SEP-2017,47.9,2137.16,2095,55
2,Bhadra,10-SEP-2017,46.74,2136.0,3968,100
3,Bhadra,11-SEP-2017,46.99,2136.25,3065,50
4,Bhadra,12-SEP-2017,47.23,2136.5,3009,150
5,Bhadra,13-SEP-2017,47.4,2136.66,2072,55
6,Bhadra,14-SEP-2017,47.57,2136.83,2060,55
0,Bhadra,17-SEP-2017,47.98,2137.25,112,55
1,Bhadra,18-SEP-2017,48.15,2137.41,2096,55
2,Bhadra,19-SEP-2017,48.32,2137.58,2084,55
3,Bhadra,20-SEP-2017,48.48,2137.75,2096,55
4,Bhadra,21-SEP-2017,48.74,2138.0,3057,55
5,Bhadra,22-SEP-2017,48.91,2138.16,2120,55
6,Bhadra,23-SEP-2017,49.07,2138.33,2109,55
0,Bhadra,24-SEP-2017,49.24,2138.5,2120,55
1,Bhadra,25-SEP-2017,49.39,2138.64,1866,55
2,Bhadra,26-SEP-2017,49.5,2138.75,2180,855
3,Bhadra,27-SEP-2017,49.58,2138.83,2503,1455
4,Bhadra,28-SEP-2017,49.93,2139.17,5857,1705
5,Bhadra,29-SEP-2017,50.1,2139.33,3520,1455
6,Bhadra,30-SEP-2017,50.21,2139.43,2368,1055
0,Bhadra,01-OCT-2017,50.31,2139.54,2342,1005
1,Bhadra,02-OCT-2017,50.7,2139.91,5582,1005
2,Bhadra,03-OCT-2017,50.98,2140.18,4367,1005
3,Bhadra,04-OCT-2017,51.37,2140.52,5018,440
4,Bhadra,05-OCT-2017,51.48,2140.66,1956,55
5,Bhadra,06-OCT-2017,51.66,2140.83,2119,55
6,Bhadra,07-OCT-2017,51.83,2141.0,2199,55
0,Bhadra,08-OCT-2017,51.96,2141.12,1713,55
1,Bhadra,09-OCT-2017,52.05,2141.2,1216,55
2,Bhadra,10-OCT-2017,52.18,2141.33,1714,55
3,Bhadra,11-OCT-2017,52.36,2141.5,2235,55
4,Bhadra,12-OCT-2017,52.49,2141.62,1714,55
5,Bhadra,13-OCT-2017,52.65,2141.77,1969,55
6,Bhadra,14-OCT-2017,52.89,2142.0,2999,55
0,Bhadra,15-OCT-2017,52.16,2142.25,3289,55
1,Bhadra,16-OCT-2017,53.51,2142.58,4320,55
2,Bhadra,17-OCT-2017,53.74,2142.79,2781,55
3,Bhadra,18-OCT-2017,53.87,2142.91,1739,55
4,Bhadra,19-OCT-2017,59.01,2143.04,1740,55
5,Bhadra,20-OCT-2017,54.14,2143.16,1763,55
6,Bhadra,21-OCT-2017,54.23,2143.25,1242,55
0,Bhadra,22-OCT-2017,54.32,2143.33,1231,55
1,Bhadra,23-OCT-2017,54.41,2143.41,1243,190
2,Bhadra,24-OCT-2017,54.5,2143.5,1431,255
3,Bhadra,25-OCT-2017,54.55,2143.54,1011,355
4,Bhadra,26-OCT-2017,54.6,2143.58,1022,355
5,Bhadra,27-OCT-2017,54.69,2143.66,1531,355
6,Bhadra,28-OCT-2017,54.73,2143.7,1511,855
0,Bhadra,29-OCT-2017,54.75,2143.72,1256,855
1,Bhadra,30-OCT-2017,54.78,2143.75,1656,455
2,Bhadra,31-OCT-2017,54.82,2143.79,911,255
3,Bhadra,01-NOV-2017,54.87,2143.83,771,115
4,Bhadra,02-NOV-2017,54.89,2143.85,521,115
5,Bhadra,03-NOV-2017,54.89,2143.85,521,115
6,Bhadra,04-NOV-2017,54.98,2143.93,776,115
0,Bhadra,05-NOV-2017,55.02,2143.97,776,115
1,Bhadra,06-NOV-2017,55.05,2144.0,521,115
2,Bhadra,07-NOV-2017,55.05,2144.0,395,255
3,Bhadra,08-NOV-2017,55.09,2144.04,1108,575
4,Bhadra,09-NOV-2017,55.14,2144.08,1100,583
5,Bhadra,10-NOV-2017,55.18,2144.12,1096,435
6,Bhadra,11-NOV-2017,55.14,2144.08,512,893
0,Bhadra,12-NOV-2017,54.98,2143.93,223,1935
1,Bhadra,13-NOV-2017,54.82,2143.79,246,1935
2,Bhadra,14-NOV-2017,54.64,2143.62,355,2310
3,Bhadra,15-NOV-2017,54.41,2143.41,333,2810
4,Bhadra,16-NOV-2017,54.19,2143.2,447,2935
5,Bhadra,17-NOV-2017,53.94,2142.97,203,2935
6,Bhadra,18-NOV-2017,53.69,2142.75,226,2935
0,Bhadra,19-NOV-2017,53.47,2142.54,492,2935
1,Bhadra,20-NOV-2017,53.34,2142.41,1521,2935
2,Bhadra,21-NOV-2017,53.09,2142.18,225,2935
3,Bhadra,22-NOV-2017,52.91,2142.02,475,2410
4,Bhadra,23-NOV-2017,52.85,2141.95,348,975
5,Bhadra,24-NOV-2017,52.85,2141.95,472,335
6,Bhadra,25-NOV-2017,52.87,2141.97,686,295
0,Bhadra,26-NOV-2017,52.89,2142.0,491,100
1,Bhadra,27-NOV-2017,52.91,2142.02,491,100
2,Bhadra,28-NOV-2017,52.91,2142.02,491,100
3,Bhadra,29-NOV-2017,52.93,2142.04,503,100
4,Bhadra,30-NOV-2017,52.96,2142.06,491,100
5,Bhadra,01-DEC-2017,52.98,2142.08,491,100
6,Bhadra,02-DEC-2017,52.98,2142.08,232,100
0,Bhadra,03-DEC-2017,52.98,2142.08,232,100
1,Bhadra,04-DEC-2017,53.0,2142.1,499,100
2,Bhadra,05-DEC-2017,53.0,2142.12,487,100
3,Bhadra,06-DEC-2017,53.02,2142.12,232,100
4,Bhadra,07-DEC-2017,53.05,2142.14,487,100
5,Bhadra,08-DEC-2017,53.07,2142.16,499,100
6,Bhadra,09-DEC-2017,53.09,2142.18,487,100
0,Bhadra,10-DEC-2017,53.11,2142.2,487,100
1,Bhadra,11-DEC-2017,53.11,2142.2,233,100
2,Bhadra,12-DEC-2017,53.14,2142.22,499,100
3,Bhadra,13-DEC-2017,53.16,2142.25,487,100
4,Bhadra,14-DEC-2017,53.18,2142.27,487,100
5,Bhadra,15-DEC-2017,53.18,2142.27,233,100
6,Bhadra,16-DEC-2017,53.18,2142.27,233,100
0,Bhadra,17-DEC-2017,53.18,2142.27,233,100
1,Bhadra,18-DEC-2017,53.2,2142.29,499,100
2,Bhadra,19-DEC-2017,53.2,2142.29,233,100
3,Bhadra,20-DEC-2017,53.2,2142.29,233,100
4,Bhadra,21-DEC-2017,53.2,2142.29,233,100
5,Bhadra,22-DEC-2017,53.2,2142.29,233,100
6,Bhadra,23-DEC-2017,53.2,2142.29,233,100
0,Bhadra,24-DEC-2017,53.2,2142.29,233,100
1,Bhadra,25-DEC-2017,53.2,2142.29,233,100
2,Bhadra,26-DEC-2017,53.2,2142.29,233,100
3,Bhadra,27-DEC-2017,53.2,2142.29,233,100
4,Bhadra,28-DEC-2017,53.2,2142.29,233,100
5,Bhadra,29-DEC-2017,53.2,2142.29,233,100
6,Bhadra,30-DEC-2017,53.2,2142.29,233,100
7,Bhadra,31-DEC-2017,53.2,2142.29,233,100
0,Bhadra,01-JAN-2018,53.2,2142.29,233,100
1,Bhadra,02-JAN-2018,53.2,2142.29,233,100
2,Bhadra,03-JAN-2018,53.2,2142.29,233,100
3,Bhadra,04-JAN-2018,53.2,2142.29,233,100
4,Bhadra,05-JAN-2018,53.18,2142.27,129,263
5,Bhadra,06-JAN-2018,52.96,2142.06,107,2556
6,Bhadra,07-JAN-2018,52.69,2141.81,133,3080
0,Bhadra,08-JAN-2018,52.4,2141.54,151,3330
1,Bhadra,09-JAN-2018,52.12,2141.27,159,3350
2,Bhadra,10-JAN-2018,51.83,2141.0,159,3350
3,Bhadra,11-JAN-2018,51.53,2140.7,50,3580
4,Bhadra,12-JAN-2018,51.22,2140.41,50,3580
5,Bhadra,13-JAN-2018,50.92,2140.12,61,3450
6,Bhadra,14-JAN-2018,50.61,2139.83,72,3450
0,Bhadra,15-JAN-2018,50.31,2139.54,130,3486
1,Bhadra,16-JAN-2018,50.01,2139.25,134,3618
2,Bhadra,17-JAN-2018,49.71,2138.95,145,3490
3,Bhadra,18-JAN-2018,49.41,2138.66,179,3490
4,Bhadra,19-JAN-2018,48.95,2138.3,145,3490
5,Bhadra,20-JAN-2018,48.65,2137.91,95,4865
6,Bhadra,21-JAN-2018,48.11,2137.37,68,6240
0,Bhadra,28-JAN-2018,44.52,2133.7,105,4350
1,Bhadra,22-JAN-2018,47.54,2136.81,98,6490
2,Bhadra,23-JAN-2018,46.96,2136.25,66,6390
3,Bhadra,24-JAN-2018,46.43,2135.68,111,6390
4,Bhadra,25-JAN-2018,45.9,2135.14,167,6301
5,Bhadra,26-JAN-2018,45.36,2134.58,85,6250
6,Bhadra,27-JAN-2018,45.9,2134.1,147,5375
0,Bhadra,29-JAN-2018,44.21,2133.37,89,3640
1,Bhadra,30-JAN-2018,43.89,2133.04,50,3590
2,Bhadra,31-JAN-2018,43.58,2132.7,84,3590
3,Bhadra,01-FEB-2018,43.28,2132.39,67,3331
4,Bhadra,02-FEB-2018,42.99,2132.08,67,3330
5,Bhadra,03-FEB-2018,42.68,2131.75,81,3530
6,Bhadra,04-FEB-2018,42.38,2131.41,104,3530
0,Bhadra,05-FEB-2018,42.07,2131.08,42,3480
1,Bhadra,06-FEB-2018,41.74,2130.72,88,3200
2,Bhadra,07-FEB-2018,41.42,2130.37,98,3700
3,Bhadra,08-FEB-2018,41.1,2130.02,48,3700
4,Bhadra,09-FEB-2018,40.78,2129.66,93,3650
5,Bhadra,10-FEB-2018,40.47,2129.31,67,3613
6,Bhadra,11-FEB-2018,40.15,2128.95,54,3600
0,Bhadra,12-FEB-2018,39.84,2128.6,111,3600
1,Bhadra,13-FEB-2018,39.52,2128.25,110,3600
2,Bhadra,14-FEB-2018,39.21,2127.89,121,3600
3,Bhadra,15-FEB-2018,38.91,2127.54,105,3550
4,Bhadra,16-FEB-2018,38.6,2127.18,116,3550
5,Bhadra,17-FEB-2018,38.29,2126.83,89,3500
6,Bhadra,18-FEB-2018,37.99,2126.47,111,3500
0,Bhadra,19-FEB-2018,37.69,2126.12,122,3500
1,Bhadra,20-FEB-2018,37.37,2125.75,48,3600
2,Bhadra,21-FEB-2018,37.06,2125.37,58,3600
3,Bhadra,22-FEB-2018,36.74,2125.0,69,3600
4,Bhadra,23-FEB-2018,36.43,2124.62,77,3550
5,Bhadra,24-FEB-2018,36.12,2124.25,76,3550
6,Bhadra,25-FEB-2018,35.81,2123.87,87,3550
0,Bhadra,26-FEB-2018,35.51,2123.5,121,3713
1,Bhadra,27-FEB-2018,35.2,2123.12,102,3520
2,Bhadra,28-FEB-2018,34.88,2122.72,58,3761
3,Bhadra,01-MAR-2018,34.56,2122.33,92,3761
4,Bhadra,02-MAR-2018,34.25,2121.93,74,3620
5,Bhadra,03-MAR-2018,33.93,2121.54,107,3620
6,Bhadra,04-MAR-2018,33.62,2121.14,98,3600
0,Bhadra,05-MAR-2018,33.29,2120.72,24,3700
1,Bhadra,06-MAR-2018,32.97,2120.31,58,3700
2,Bhadra,07-MAR-2018,32.64,2119.89,69,3700
3,Bhadra,08-MAR-2018,32.32,2119.47,53,3650
4,Bhadra,09-MAR-2018,32.0,2119.06,52,3650
5,Bhadra,10-MAR-2018,31.68,2118.64,97,3650
6,Bhadra,11-MAR-2018,31.37,2118.22,120,3650
0,Bhadra,12-MAR-2018,31.05,2117.81,81,3600
1,Bhadra,13-MAR-2018,30.74,2117.39,115,3600
2,Bhadra,14-MAR-2018,30.42,2116.95,40,3700
3,Bhadra,15-MAR-2018,30.42,2116.95,40,3814
4,Bhadra,16-MAR-2018,29.77,2116.08,68,3683
5,Bhadra,17-MAR-2018,29.46,2115.64,100,3658
6,Bhadra,18-MAR-2018,29.14,2115.2,61,3620
0,Bhadra,19-MAR-2018,28.83,2114.77,107,3620
1,Bhadra,20-MAR-2018,28.53,2114.35,51,3489
2,Bhadra,21-MAR-2018,28.23,2113.93,51,3380
3,Bhadra,22-MAR-2018,27.94,2113.52,148,3420
4,Bhadra,23-MAR-2018,27.59,2113.02,127,4070
5,Bhadra,24-MAR-2018,26.96,2112.1,161,7370
6,Bhadra,25-MAR-2018,26.32,2111.16,101,7474
0,Bhadra,26-MAR-2018,25.68,2110.2,64,7370
1,Bhadra,27-MAR-2018,25.04,2109.22,66,7420
2,Bhadra,28-MAR-2018,24.41,2108.25,154,7370
3,Bhadra,29-MAR-2018,23.77,2107.25,129,7370
4,Bhadra,30-MAR-2018,23.61,2107.0,171,3516
5,Bhadra,31-MAR-2018,23.32,2106.52,127,3565
6,Bhadra,01-APR-2018,23.02,2106.04,127,3470
0,Bhadra,02-APR-2018,22.72,2105.54,125,3520
1,Bhadra,03-APR-2018,22.41,2105.04,104,3500
2,Bhadra,04-APR-2018,22.1,2104.52,83,3550
3,Bhadra,05-APR-2018,21.79,2104.0,81,3550
4,Bhadra,06-APR-2018,21.48,2103.47,149,3550
5,Bhadra,07-APR-2018,21.18,2102.95,110,3500
6,Bhadra,08-APR-2018,20.87,2102.41,89,3550
0,Bhadra,09-APR-2018,20.56,2101.87,99,3550
1,Bhadra,10-APR-2018,20.26,2101.33,110,3505
2,Bhadra,11-APR-2018,19.96,2100.79,118,3480
3,Bhadra,12-APR-2018,19.66,2100.25,102,3430
4,Bhadra,13-APR-2018,19.35,2099.68,69,3480
5,Bhadra,14-APR-2018,19.05,2099.12,102,3480
6,Bhadra,15-APR-2018,18.75,2098.82,109,3430
0,Bhadra,16-APR-2018,18.45,2097.97,54,3480
1,Bhadra,17-APR-2018,18.15,2097.39,135,3480
2,Bhadra,18-APR-2018,17.85,2096.81,107,3430
3,Bhadra,19-APR-2018,17.56,2096.22,113,3380
4,Bhadra,20-APR-2018,17.27,2095.64,158,3380
5,Bhadra,21-APR-2018,16.98,2095.04,114,3430
6,Bhadra,22-APR-2018,16.68,2094.41,89,3430
0,Bhadra,23-APR-2018,16.68,2094.41,89,3430
1,Bhadra,24-APR-2018,16.09,2093.16,117,3380
2,Bhadra,25-APR-2018,15.79,2092.52,107,3430
3,Bhadra,26-APR-2018,15.5,2091.87,107,3430
4,Bhadra,27-APR-2018,15.2,2091.2,143,3480
5,Bhadra,28-APR-2018,14.91,2090.54,138,3430
6,Bhadra,29-APR-2018,14.62,2089.87,133,3350
0,Bhadra,30-APR-2018,14.33,2089.18,135,3430
1,Bhadra,01-MAY-2018,14.05,2088.52,95,3230
2,Bhadra,02-MAY-2018,13.77,2087.85,62,3180
3,Bhadra,03-MAY-2018,13.51,2087.2,73,3030
4,Bhadra,04-MAY-2018,13.26,2086.41,161,2980
5,Bhadra,05-MAY-2018,13.01,2085.93,52,2930
6,Bhadra,06-MAY-2018,12.76,2085.29,105,2880
0,Bhadra,07-MAY-2018,12.51,2084.64,54,2830
1,Bhadra,08-MAY-2018,12.27,2084.0,87,2830
2,Bhadra,09-MAY-2018,12.03,2083.35,76,2750
3,Bhadra,10-MAY-2018,11.83,2082.81,137,2350
4,Bhadra,11-MAY-2018,11.66,2082.31,256,2250
5,Bhadra,12-MAY-2018,11.64,2082.27,92,200
6,Bhadra,13-MAY-2018,11.63,2082.22,92,200
0,Bhadra,14-MAY-2018,11.63,2082.25,347,200
1,Bhadra,15-MAY-2018,11.65,2082.29,440,200
2,Bhadra,16-MAY-2018,11.66,2082.33,440,200
3,Bhadra,17-MAY-2018,11.67,2082.35,347,200
4,Bhadra,18-MAY-2018,11.72,2082.5,2180,1500
5,Bhadra,19-MAY-2018,11.72,2082.5,1566,1500
6,Bhadra,20-MAY-2018,11.78,2082.66,2250,1567
0,Bhadra,21-MAY-2018,11.75,2082.58,1219,1567
1,Bhadra,22-MAY-2018,11.76,2082.6,1659,1500
2,Bhadra,23-MAY-2018,11.72,2082.5,1138,1500
3,Bhadra,24-MAY-2018,11.71,2082.45,1393,1500
4,Bhadra,25-MAY-2018,11.7,2082.43,1474,1500
5,Bhadra,26-MAY-2018,11.7,2082.43,1474,1500
6,Bhadra,27-MAY-2018,11.75,2082.58,552,150
0,Bhadra,28-MAY-2018,11.81,2082.75,911,150
1,Bhadra,29-MAY-2018,11.87,2082.91,900,150
2,Bhadra,30-MAY-2018,12.05,2083.41,2243,150
3,Bhadra,31-MAY-2018,12.15,2083.66,1376,150
4,Bhadra,01-JUN-2018,12.25,2083.95,1457,150
5,Bhadra,02-JUN-2018,12.28,2084.02,452,150
6,Bhadra,03-JUN-2018,12.35,2084.2,996,150
0,Bhadra,04-JUN-2018,12.54,2084.72,2455,150
1,Bhadra,05-JUN-2018,12.61,2084.91,1008,150
2,Bhadra,06-JUN-2018,12.64,2085.0,545,150
3,Bhadra,07-JUN-2018,12.71,2085.16,927,150
4,Bhadra,08-JUN-2018,12.77,2085.33,939,150
5,Bhadra,09-JUN-2018,13.06,2086.08,3544,150
6,Bhadra,10-JUN-2018,13.73,2087.75,7908,150
7,Bhadra,11-JUN-2018,14.89,2090.5,13640,150
0,Bhadra,12-JUN-2018,16.8,2094.66,22231,150
1,Bhadra,13-JUN-2018,18.68,2098.41,21968,150
2,Bhadra,14-JUN-2018,20.6,2101.91,22400,150
3,Bhadra,15-JUN-2018,23.1,2106.16,29164,150
4,Bhadra,16-JUN-2018,24.04,2107.66,11065,150
5,Bhadra,17-JUN-2018,24.57,2108.5,6355,150
0,Bhadra,18-JUN-2018,24.89,2109.0,3938,150
1,Bhadra,19-JUN-2018,25.16,2109.41,3371,150
2,Bhadra,20-JUN-2018,25.43,2109.83,3377,150
3,Bhadra,21-JUN-2018,25.82,2110.41,4692,150
4,Bhadra,22-JUN-2018,26.27,2111.08,5364,150
5,Bhadra,23-JUN-2018,26.89,2112.0,7402,150
6,Bhadra,24-JUN-2018,27.17,2112.41,3537,150
0,Bhadra,25-JUN-2018,27.46,2112.83,3537,150
1,Bhadra,26-JUN-2018,27.81,2113.33,4255,150
2,Bhadra,27-JUN-2018,28.34,2114.08,6304,150
3,Bhadra,28-JUN-2018,28.99,2115.0,7787,150
4,Bhadra,29-JUN-2018,31.01,2117.75,23564,150
5,Bhadra,30-JUN-2018,31.83,2118.83,9701,150
6,Bhadra,01-JUL-2018,32.34,2119.5,6137,150
0,Bhadra,02-JUL-2018,32.72,2120.0,4677,150
1,Bhadra,03-JUL-2018,32.98,2120.33,3230,150
2,Bhadra,04-JUL-2018,33.24,2120.66,3242,150
3,Bhadra,05-JUL-2018,33.5,2121.0,3231,150
4,Bhadra,06-JUL-2018,33.77,2121.33,3278,150
5,Bhadra,07-JUL-2018,34.23,2121.91,5570,150
6,Bhadra,08-JUL-2018,35.91,2124.0,19715,150
0,Bhadra,09-JUL-2018,36,2124.0,19715,150
1,Bhadra,10-JUL-2018,37,2125.25,17102,150
2,Bhadra,11-JUL-2018,39,2127.75,20079,150
3,Bhadra,12-JUL-2018,42,2131.0,33844,150
4,Bhadra,13-JUL-2018,45,2134.08,33674,150
5,Bhadra,14-JUL-2018,47,2136.5,28935,1588
6,Bhadra,15-JUL-2018,49,2138.75,28447,2150
0,Bhadra,16-JUL-2018,54.23,2143.25,26295,1450
1,Bhadra,17-JUL-2018,56.05,2144.91,23403,2225
2,Bhadra,18-JUL-2018,58.48,2147.08,30674,2550
3,Bhadra,19-JUL-2018,60.57,2148.91,26944,2625
4,Bhadra,20-JUL-2018,61.92,2150.08,18504,2725
5,Bhadra,21-JUL-2018,63.39,2151.33,19761,2650
6,Bhadra,22-JUL-2018,65.18,2152.83,23332,2550
0,Bhadra,23-JUL-2018,66.38,2153.83,16965,2895
1,Bhadra,24-JUL-2018,68.11,2155.25,23225,3100
2,Bhadra,25-JUL-2018,69.14,2156.08,22846,10833
3,Bhadra,26-JUL-2018,69.55,2156.41,22823,17917
4,Bhadra,27-JUL-2018,69.81,2156.62,22710,19597
5,Bhadra,28-JUL-2018,69.22,2156.14,12822,19605
6,Bhadra,29-JUL-2018,69.29,2156.2,9256,8238
0,Bhadra,30-JUL-2018,69.45,2156.33,9217,7296
1,Bhadra,31-JUL-2018,69.5,2156.37,7831,7175
2,Bhadra,01-AUG-2018,69.76,2156.58,9928,6803
3,Bhadra,02-AUG-2018,69.86,2156.66,8112,6803
4,Bhadra,03-AUG-2018,69.97,2156.75,8156,6837
5,Bhadra,04-AUG-2018,69.97,2156.75,6953,6837
6,Bhadra,05-AUG-2018,70.07,2156.83,8157,6837
0,Bhadra,06-AUG-2018,70.12,2156.87,7543,6837
1,Bhadra,07-AUG-2018,70.07,2156.83,6363,6837
2,Bhadra,08-AUG-2018,70.23,2156.95,8747,6837
3,Bhadra,09-AUG-2018,70.49,2157.16,22678,19491
4,Bhadra,10-AUG-2018,70.49,2157.16,22678,19491
5,Bhadra,11-AUG-2018,69.24,2156.16,20238,27183
6,Bhadra,12-AUG-2018,69.24,2156.14,15800,16101
0,Bhadra,13-AUG-2018,69.4,2156.29,33208,31101
1,Bhadra,14-AUG-2018,69.86,2156.66,56395,51002
2,Bhadra,15-AUG-2018,69.04,2156.0,68763,78358
3,Bhadra,16-AUG-2018,68.78,2155.79,44670,47645
4,Bhadra,17-AUG-2018,68.01,2155.16,47296,56208
5,Bhadra,18-AUG-2018,68.42,2155.5,20765,25522
6,Bhadra,19-AUG-2018,68.52,2155.58,24137,25895
0,Bhadra,20-AUG-2018,68.32,2155.41,33932,36317
1,Bhadra,21-AUG-2018,68.32,2155.41,21105,21105
2,Bhadra,22-AUG-2018,68.45,2155.52,21358,3000
3,Bhadra,23-AUG-2018,69.01,2155.97,17799,11272
4,Bhadra,24-AUG-2018,69.45,2156.33,14633,9529
5,Bhadra,25-AUG-2018,69.55,2156.41,12745,11554
6,Bhadra,26-AUG-2018,69.58,2156.43,11076,10776
0,Bhadra,27-AUG-2018,69.61,2156.45,8326,8026
1,Bhadra,28-AUG-2018,69.18,2156.62,8906,6541
2,Bhadra,29-AUG-2018,69.81,2156.62,11235,11119
3,Bhadra,30-AUG-2018,69.71,2156.54,14810,16003
4,Bhadra,31-AUG-2018,69.86,2156.66,11139,9345
5,Bhadra,01-SEP-2018,70.07,2156.83,9888,7481
6,Bhadra,02-SEP-2018,70.07,2156.83,7485,7485
0,Bhadra,03-SEP-2018,70.12,2156.87,6240,5650
1,Bhadra,04-SEP-2018,70.23,2156.95,5424,4220
2,Bhadra,05-SEP-2018,70.41,2157.1,6568,4450
3,Bhadra,06-SEP-2018,70.67,2157.31,7089,4039
4,Bhadra,07-SEP-2018,70.96,2157.54,7463,4130
5,Bhadra,08-SEP-2018,71.12,2157.66,6268,4451
6,Bhadra,09-SEP-2018,71.22,2157.75,5666,4451
0,Bhadra,10-SEP-2018,71.25,2157.77,5482,5181
1,Bhadra,11-SEP-2018,71.3,2157.81,5053,4451
2,Bhadra,12-SEP-2018,71.38,2157.87,5365,4451
3,Bhadra,13-SEP-2018,71.43,2157.95,5153,4551
4,Bhadra,14-SEP-2018,71.48,2157.95,5165,4551
5,Bhadra,15-SEP-2018,71.54,2158.0,4628,4126
6,Bhadra,16-SEP-2018,71.54,2158.0,4426,4226
0,Bhadra,17-SEP-2018,71.48,2157.95,3624,4226
1,Bhadra,18-SEP-2018,71.38,2157.87,3011,4226
2,Bhadra,19-SEP-2018,71.22,2157.75,1789,3606
3,Bhadra,20-SEP-2018,71.06,2157.62,1789,3606
4,Bhadra,21-SEP-2018,70.91,2157.5,1789,3606
5,Bhadra,22-SEP-2018,70.75,2157.37,1789,3485
6,Bhadra,23-SEP-2018,70.62,2157.27,2039,3656
0,Bhadra,24-SEP-2018,70.49,2157.16,2089,3606
1,Bhadra,25-SEP-2018,70.33,2157.04,1788,3605
2,Bhadra,26-SEP-2018,70.18,2156.91,1800,3485
3,Bhadra,27-SEP-2018,70.02,2156.79,1811,3605
4,Bhadra,28-SEP-2018,69.92,2156.7,2351,3555
5,Bhadra,29-SEP-2018,70.07,2156.83,4745,2820
6,Bhadra,30-SEP-2018,70.18,2156.91,4292,3100
0,Bhadra,01-OCT-0018,70.28,2157.0,4429,3225
1,Bhadra,02-OCT-0018,70.38,2157.08,4475,3260
2,Bhadra,03-OCT-0018,70.33,2157.04,2977,3590
3,Bhadra,04-OCT-0018,70.28,2157.0,2988,3590
4,Bhadra,05-OCT-0018,70.23,2156.95,2988,3590
5,Bhadra,06-OCT-0018,70.23,2156.95,3590,3590
6,Bhadra,07-OCT-0018,70.25,2156.97,3891,3590
0,Bhadra,08-OCT-2018,70.23,2156.95,3289,3590
1,Bhadra,09-OCT-2018,70.12,2156.87,2386,3590
2,Bhadra,10-OCT-2018,70.05,2156.81,2699,3590
3,Bhadra,11-OCT-2018,69.97,2156.75,2687,3590
4,Bhadra,12-OCT-2018,69.86,2156.66,2386,3590
5,Bhadra,13-OCT-2018,69.76,2156.58,2386,3590
6,Bhadra,14-OCT-2018,69.63,2156.47,2085,3589
0,Bhadra,15-OCT-2018,69.48,2156.35,1795,3589
1,Bhadra,16-OCT-2018,69.35,2156.25,2084,3589
2,Bhadra,17-OCT-2018,69.24,2156.16,2385,3589
3,Bhadra,18-OCT-2018,69.14,2156.08,2397,3589
4,Bhadra,19-OCT-2018,69.04,2156.0,2385,3589
5,Bhadra,20-OCT-2018,68.93,2155.91,2396,3435
6,Bhadra,21-OCT-2018,68.83,2155.83,2408,3588
0,Bhadra,22-OCT-2018,68.73,2155.75,2396,3588
1,Bhadra,23-OCT-2018,68.6,2155.64,2107,3588
2,Bhadra,24-OCT-2018,68.45,2155.52,1805,3588
3,Bhadra,25-OCT-2018,68.29,2155.39,1805,3588
4,Bhadra,26-OCT-2018,68.11,2155.25,1504,3588
5,Bhadra,27-OCT-2018,67.93,2155.1,1504,3587
6,Bhadra,28-OCT-2018,67.7,2154.91,925,3587
0,Bhadra,29-OCT-2018,67.47,2154.72,948,3587
1,Bhadra,30-OCT-2018,67.24,2154.54,936,3587
2,Bhadra,31-OCT-2018,67.02,2154.35,936,3586
3,Bhadra,01-NOV-2018,66.79,2154.16,935,3586
4,Bhadra,02-NOV-2018,66.53,2153.95,663,3592
5,Bhadra,03-NOV-2018,66.28,2153.75,674,3590
6,Bhadra,04-NOV-2018,66.08,2153.58,1264,3590
0,Bhadra,05-NOV-2018,65.85,2153.39,963,3590
1,Bhadra,06-NOV-2018,65.6,2153.18,723,3640
2,Bhadra,07-NOV-2018,65.35,2152.97,734,3639
3,Bhadra,08-NOV-2018,65.1,2152.77,757,3639
4,Bhadra,09-NOV-2018,65.85,2152.56,756,3639
5,Bhadra,10-NOV-2018,64.6,2152.35,756,3638
6,Bhadra,11-NOV-2018,64.35,2152.14,744,3638
0,Bhadra,12-NOV-2018,64.11,2151.93,767,3638
1,Bhadra,13-NOV-2018,63.83,2151.7,501,3637
2,Bhadra,14-NOV-2018,63.56,2151.47,482,3637
3,Bhadra,15-NOV-2018,63.29,2151.25,500,3637
4,Bhadra,16-NOV-2018,63.0,2151.02,500,3636
5,Bhadra,17-NOV-2018,62.75,2150.79,522,3636
6,Bhadra,18-NOV-2018,62.63,2150.68,274,1686
0,Bhadra,19-NOV-2018,62.6,2150.66,296,586
1,Bhadra,20-NOV-2018,62.58,2150.64,308,585
2,Bhadra,21-NOV-2018,62.58,2150.64,375,375
3,Bhadra,22-NOV-2018,62.58,2150.64,305,305
4,Bhadra,23-NOV-2018,62.6,2150.66,583,305
5,Bhadra,24-NOV-2018,62.6,2150.66,306,306
6,Bhadra,25-NOV-2018,62.6,2150.66,306,306
0,Bhadra,26-NOV-2018,62.63,2150.68,595,306
1,Bhadra,27-NOV-2018,62.63,2150.68,306,306
2,Bhadra,28-NOV-2018,62.63,2150.68,306,306
3,Bhadra,29-NOV-2018,62.65,2150.7,583,306
4,Bhadra,30-NOV-2018,62.65,2150.7,306,306
5,Bhadra,01-DEC-2018,62.68,2150.72,595,306
6,Bhadra,02-DEC-2018,62.68,2150.72,301,301
0,Bhadra,03-DEC-2018,63,2150.72,301,301
1,Bhadra,04-DEC-2018,63,2150.75,578,302
2,Bhadra,05-DEC-2018,63,2150.75,301,303
3,Bhadra,06-DEC-2018,63,2150.77,578,304
4,Bhadra,07-DEC-2018,63,2150.77,301,305
5,Bhadra,08-DEC-2018,63,2150.79,590,306
6,Bhadra,09-DEC-2018,63,2150.79,301,307
0,Bhadra,10-DEC-2018,62.78,2150.81,578,301
1,Bhadra,11-DEC-2018,62.78,2150.81,301,301
2,Bhadra,12-DEC-2018,62.81,2150.83,580,301
3,Bhadra,13-DEC-2018,62.81,2150.83,301,301
4,Bhadra,14-DEC-2018,62.82,2150.85,579,301
5,Bhadra,15-DEC-2018,62.82,2150.85,301,301
6,Bhadra,16-DEC-2018,62.85,2150.87,579,301
0,Bhadra,17-DEC-2018,62.85,2150.87,301,301
1,Bhadra,18-DEC-2018,62.87,2150.89,590,301
2,Bhadra,19-DEC-2018,62.87,2150.89,301,301
3,Bhadra,20-DEC-2018,62.9,2150.91,579,301
4,Bhadra,21-DEC-2018,62.9,2150.91,301,301
5,Bhadra,22-DEC-2018,62.92,2150.93,590,301
6,Bhadra,23-DEC-2018,62.92,2150.93,301,301
0,Bhadra,24-DEC-2018,62.95,2150.95,579,301
1,Bhadra,25-DEC-2018,62.95,2150.95,301,301
2,Bhadra,26-DEC-2018,62.97,2150.97,590,301
3,Bhadra,27-DEC-2018,62.97,2150.97,590,518
4,Bhadra,28-DEC-2018,63.0,2150.0,779,501
5,Bhadra,29-DEC-2018,63.0,2150.0,501,501
6,Bhadra,30-DEC-2018,63.0,2150.0,551,551
7,Bhadra,31-DEC-2018,63.0,2150.0,551,551
0,Bhadra,01-JAN-2019,63.0,2150.0,551,551
1,Bhadra,02-JAN-2019,63.02,2151.02,840,551
2,Bhadra,03-JAN-2019,63.02,2151.02,701,701
3,Bhadra,04-JAN-2019,63.0,2151.0,812,1101
4,Bhadra,05-JAN-2019,62.85,2150.87,523,1954
5,Bhadra,06-JAN-2019,62.65,2150.7,480,2681
6,Bhadra,07-JAN-2019,62.48,2150.56,351,2331
